description,abbreviation,translation
Яма у переката Щепичино. Здесь была тоня жителей с. Нюхча. Привязка к карте м.б. не совсем точной.,с.,село
Яма у п. Онежский.,п.,посёлок
Яма в р. Нюхча в начале Морских порогов. Привязка к карте не является точной.,р.,река
"Яма в оз. Машозеро напротив мыса Riijonniemi, в восточной части озера. Самое глубокое место в озере, примерно 15 м.",м.,метров
юго-западнее г. Сортавалы,г.,город
юго-западнее г. Сортавалы,г.,город
юго-западнее г. Сортавалы,г.,город
"Часть с. Суйсарь, его южный конец",с.,село
"Часть с. Нюхча. Фамилии: Шамалуевы (больше всех), Докучаевы, Коровкин (1), Кичангины, Долинины, Поташевы, Мо(и)сеевы, Кокотовы, Прохоровы, Осиповы, Вороновы, Титовы, Клюкины, Федосеевы, Колышневы.",с.,село
Часть р. Пялы после оз. Нижнего Курошозера до впадения в р. Колежму.,р.,река
"Часть Панозера, строительство которой началось осенью 1956 г. Сейчас называют поселком.",г.,год
"Часть Панозера, строительство которой началось осенью 1956 г. Сейчас называют поселком.",г.,год
"Часть озера Нинисельгское, очень глубокая- более 10 м.",м.,метров
Часть д. Пяльма.,д.,деревня
Часть д. Кургеницы.,д.,деревня
Часть Белого моря у современного г. Беломорска (бывш. Сорока).,г.,город
Хутор на юг от с. Георгиевское.,с.,село
"Хутор в окрестностях с. Георгиевское, где жил генерал Кутузова. Бывш. хутор, там теперь камень большой. Раньше там старики жили сильные. Их даже в москву на кулачный бой вызывали. Правила не объяснили один из них иностранца-то во время боя поднял над собой и убил. Потом им сапоги яловые от царя дали т.к. пока они в Москву пешком шли лапти сносили.",с.,село
"Хутор в окрестностях с. Георгиевское, где жил генерал Кутузова. Бывш. хутор, там теперь камень большой. Раньше там старики жили сильные. Их даже в москву на кулачный бой вызывали. Правила не объяснили один из них иностранца-то во время боя поднял над собой и убил. Потом им сапоги яловые от царя дали т.к. пока они в Москву пешком шли лапти сносили.",с.,село
Хутор в окрестностях с. Вешкелица.,с.,село
"Хутор в окрестностях д. Михалево, на берегу оз. Телгозеро.",д.,деревня
Хутор в окрестностях д. Ивановская.,д.,деревня
Холм на юге д.Чёрный Наволок в 60-100 м.,м.,метров
"Фарватер, глубокое место с быстрым течением в Шуерецкой губе, между северным берегом и о. Шуйостровом. Это продолжение русла реки Шуя, от выхода реки в море до о. Конева. Фарватер хорошо виден на топографических картах.",о.,остров
Участок р. Тунгуда на юге от д. Машозеро. Здесь ставили забор на дне реки и ловили сигов осенью (в конце октября). Был в оброке.,р.,река
"Урочище, в 1928 г. очищенное местными жителями под покос. Расположено за Титовщиной.",г.,год
Урочище п. Онежский.,п.,посёлок
"Урочище на р. Шоле, здесь покос, бывший пожог, здесь же место сбора ягод и грибов.",р.,река
"Урочище на материковом побережье на ю. от м. Братин. Промысловая изба. В прошлом варили соль. Остались большие ямы. Сенокос, морская трава.",м.,мыс
"Урочище на вост. берегу мыса Куганаволок (на ю/з от д. Куганаволок), против о. Чёрный.",о.,остров
"Урочище на берегу р. Колпь, по дороге в дер. Корвала. В 1935 г. здесь сооружена плотина.",г.,год
Урочище Маясуо находится севернее г. Пиен-Тавонмяки.,г.,гора
Урочище Маясуо находится севернее г. Пиен-Тавонмяки.,г.,гора
"Урочище к северу от с. Нюхча, у тракта. Привязка к карте не является точной.",с.,село
Урочище к северу от о. Еглов на материке.,о.,остров
Урочище и промысловая изба на материковом берегу к восток от м. Наумиха.,м.,мыс
Урочище и полуостров на вост. от м. Варница. Промысловая изба,м.,мыс
Урочище в районе с. Нюхча. Здесь была варница.,с.,село
"Урочище в 500 м от д. Колово в сторону г. Пудож, по правую сторону от Большой дороги.",г.,город
Урочище (поле) на о. Хвост (Е. О.).,о.,остров
"Урочище (в т.ч. поляны) в лесу, в направлении к р. Паланге (д. Дубова, Заречье). Урочище за д. Дубовой, репу сеяли.",р.,река
"Унодье в 2,5 верстах по р. Паданка.",р.,река
"Уличная фамилия в д. Каккарова, официальная фамилия Герасимовы. (д. Mitrei)",д.,деревня
Улица в д. Кажма.,д.,деревня
"Узкий пролив между о. Соколий и раздваивающейся скалой у зап. берега о. Соколий, в Кондопожской губе Онежского озера, в окрестностях д. Тулгуба.",о.,остров
Узкий (около 400 м) сушной залив Белого моря к северу от деревни в 700 м.,м.,метров
Угодья с. Георгиевское на р. Андога.,с.,село
"Угодье у д. Аристово, в сторону мыса Пыжемень.",д.,деревня
Угодье с. Урицкое.,с.,село
Угодье с. Георгиевское на с/з от д. Тарасова.,с.,село
Угодье с. Георгиевское на р. Андога.,с.,село
Угодье д. Пяшница. Там полосы пахали косили.,д.,деревня
Угодье д. Пяшница в сторону д. Лойдица.,д.,деревня
Угодье д. Михалево.,д.,деревня
Угодье д. Кулмукса по правую сторону дороги из д. Кулмукса в д. Голышева Новинка.,д.,деревня
Угодье в с. Вешкелица.,с.,село
"Тропинка за д. Пяльма, вела к Онежскому озеру.",д.,деревня
Тоня у о. Сало.,о.,остров
Тоня у о. Палостров (д. Кевасалма).,о.,остров
"Тоня на оз. Водлозеро, у о. Палостров (д. Кевасалма).",о.,остров
Тоня жителей с. Шуерецкое.,с.,село
"Тоня в р. Шуя, в селе.",р.,река
Тоня в оз. Ведлозеро у о. Сало.,о.,остров
Тереба жителей с. Нюхча у Пятышевой горы.,с.,село
Тереба жителей с. Нюхча у горы Сенжала.,с.,село
Тереба (пожни) жителей с. Нюхча,с.,село
Тереб жителей с. Нюхча. Привязка к карте не является точной.,с.,село
Старая дорога от д. Мелентьево до п. Онежский.,п.,посёлок
"Современное название крупного залива Белого моря, простирается от г. Кандалакша на юго-восток до Порьягубы",г.,город
Современное название горы Пономариха к югу от с. Нюхча.,с.,село
"Современное название возвышенности Голец. Высокая возвышенность к юго-западу от с. Нюхча (далеко, ближе к дер. Оштамозеро).",с.,село
"Следующая к югу губа после г. Кабацкой, до Вачажной",г.,гора
"Скалистое место, гора на западном берегу оз. Путкозера, между г. Городок и Кривой горой.",г.,гора
"Скалистое место на р. Анусара, за Кривым плесом.",р.,река
"Скала в окрестностях д. Кашканы, под которой ручей Sordo-oja, выходит на дорогу в Верх. Важины.",д.,деревня
"Сенокосный наволок на р. Сума, у соответствующего порога, в 2 км ниже д. Сума.",р.,река
Сенокосноу урочище д. Syrd.,д.,деревня
Сенокосное урочище д. Нижние Виданы.,д.,деревня
"Сенокосное урочище (д. Заволочье) по р. Черева, в 10 км от деревни.",р.,река
Сенокосное угодье на р. Колода в 8 км. от д. Дубовой. Сенокосы на р. Паланге.,р.,река
Сенокосное угодье в 10 км от с. Салмозеро.,с.,село
Сенокосное угодье в 10 км от с. Салмозеро.,с.,село
Сенокосное угодие жителей с. Нюхчи к северу от села. карта: ур. Придухи,с.,село
"Сенокос, в 0,5 км от д. Колово в сторону г. Пудож. Недалеко от Ножовской ростани.",г.,город
"Сенокос по р. Колоде на одноименном мысу, в районе р. Калмы.",р.,река
"Сенокос по р. Виксинда, в районе руч. Тундручей. Пахотная поляна на горке, суглинистая почва.",р.,река
Сенокос п. Онежский.,п.,посёлок
"Сенокос на р. Охтома, в 9 км от д. Гумарнаволок, у порога Вьюгпорог.",р.,река
"Сенокос на р. Калма, у одноименного порога.",р.,река
Сенокос на противоположном от д. Колово берегу р. Водла. Сейчас там все заросло лесом.,р.,река
Сенокос на одноименном мысу на р. Пизьма (д. Еремеевская - Салмозеро).,р.,река
"Сенокос д. Усть-Колода на берегу р. Водла, в межах с Водлицкими покосами (т.е. принадлежащими д. Водла)",р.,река
"Сенокос д. Маткалахта, в 6 км от деревни, по направлению к Ваме, по р. Ильвама.",р.,река
"Сенокос д. Кумбасозеро на р. Кумбаса, в 4 км от деревни тут ставили приколы для ловли рыбы рядом уроч. Черная Яма.",р.,река
"Сенокос в д. Ченежа, рядом с сенокосом Под Кумбушкой.",д.,деревня
Сельга у берега Titurunrand в д. Нюхово.,д.,деревня
"Село в устье одноименной реки на берегу Белого моря. Выделяют 4 части: Бор, Наволок, Гагарья Губа, Корга. В прошлом до 400 домов. Климонтовская церковь поставлена в 1540 г. Новую ставил купец Шуттиев в 19 веке. Были старики староверы. Ездили богу молиться в Пертозеро. Коллективное прозвище колежОма - лопари, т.к. прохлопали царя (проплыл мимо).",г.,год
северо-западнее г. Оярви,г.,гора
севернее п. Рускеала,п.,посёлок
севернее п. Рускеала,п.,посёлок
севернее п. Рускеала,п.,посёлок
самый северный мыс о. Беломорск,о.,остров
"Самый крупный порог на р.Вирме, в 8 км. от села. Длина 800 м. На нем пытались ставить электростанцию.",м.,река
"С/х урочище на прав. берегу р. Водла, против д. Водла в уроч. поляны разных хозяев.",р.,река
С/х угодье на юг от деревни в 300 м.,м.,метров
"С/х угодье на западном берегу Обозера, к северу от деревни в 700 м.",м.,метров
"С/х угодье в центре о. Волкостров под дер. Сергачево, на высоком месте.",о.,остров
"С/х угодье в сев. части о. Керкостров, на узком длинном мысу.",о.,остров
"С/х поляна, где собирают землянику, в 700 м. а с/з от дер.",м.,метров
С/х поляна за деревенскими полями к югу в 100 м.,м.,метров
"Ручей/речка (самое нижнее течение р. Кумжа), вытекает из Ривинского озера и впадает в Белое море.",р.,река
Ручей/река в окрестностях с. Кукшегоры.,с.,село
"Ручей, течет с оз. Черное в р. Черная.",р.,река
"Ручей, течет из д. Лобеги в руч. Сельгоручей. По словам информатора, около этого ручья муж убил свою жену, которую звали Груней. Ручей д. Лобеги, по дороге к д. Ранина Гора.",д.,деревня
"Ручей, течет из болота Большое в Онежское озеро, шириной 10 м.",м.,метров
"ручей, приток р. Tihverinjogi, вытекает из болот, левый приток р. Тулокса",р.,река
"ручей, приток р. Tihverinjogi, вытекает из болот, левый приток р. Тулокса",р.,река
"ручей, приток р. Mägriänjogi близ дер. Päčinhieru? = Päč(č)oja, Päččioja",р.,река
"Ручей, приток р. Черная, впадает в районе урочища Федорчево, выше Карасручья, между р. Виксинда и Карасручьем.",р.,река
"Ручей, приток р. Корба, пересекает дорогу из д. Салмозеро в д. Корбозеро.",д.,деревня
"Ручей, прав. приток р. Водла, впадает ниже с. Кубово.",с.,село
"Ручей, прав. приток р. Водла, впадает ниже п. Кубово и ручья Пихручей.",п.,посёлок
"Ручей, лев. приток. р. Сума, впадает выше д. Сума по ручью - сенокосы.",д.,деревня
"Ручей, лев. приток р. Черная, впадает ниже д. Лобеги.",д.,деревня
"Ручей, вытекает из Щучьего озера и впадает в Белое море. От истока до середины ручья его называют Травяной Ручей, а далее Венюхручей. По большой воде на 300 м. по нему можно подняться на лодке. карта: Большой Венихручей",м.,метров
"Ручей, вытекает из северного конца Ковкозера, течет на восток, впадает в Святуху в 100 м. севернее д. Микково.",м.,метров
"Ручей, вытекает из Палозера и впадет в р. Сумареку.",р.,река
"Ручей, вытекает из бол. Чернореченское ( на зап. от п. Красноборский) со стороны уроч. Красный Бор, впадает в р. Черная (лев. пр.), в уроч. Калья Гора.",п.,посёлок
"Ручей, впадает в р. Нюхча в 1 км. ниже по течению от с. Нюхча",р.,река
Ручей у с. Шокша.,с.,село
"Ручей у с. Шокша, вытекающий из Тедручейского озерка.",с.,село
Ручей у с. Шелтозера. Put'kijas om oja- put'kijoja.,с.,село
Ручей у п. Онежский.,п.,посёлок
Ручей у п. Онежский.,п.,посёлок
"Ручей с левой стороны от покоса Spireinkengä. По течению реки Кемь справа. Ручей, берущий начало из озера Otršoušjärvi. Ручей впадает в реку Кемь км в 25 от поселка по реке. Напротив Ortšoušoja на левом берегу реки стоит железный столб, 70 см, с гербом СССР и датой 1930 г.",г.,год
Ручей по р. Шалице.,р.,река
"Ручей перед д. Мотовка, соединяет оз. Синемукса (Kinelahtend'ärvi) с р. Видлица.",р.,река
Ручей п. Онежский.,п.,посёлок
"Ручей к югу от села Колежма в 3 км, течёт из болота Медвежий мох в море. Ручей, устье которого находится на материке, к ю.-зап. от о. Лопский.",о.,остров
Ручей к северу от д. Кривцы.,д.,деревня
"Ручей в селе Порьягуба, впадает в Белое море. По воспоминаниям бывших порьегубцев, в прежние времена ручей был полноводней, весной сильно разливался, выходя из берегов, и славился обилием форели (И.Б.Циркунов. Порья Губа: опыт историко-социологических исследований // Наука и бизнес на Мурмане - Мурманск, 1998, № 6, с. 60-86).",с.,село
Ручей в районе с. Нюхча. ? ср. Лодручей,с.,село
Ручей в районе с. Нюхча.,с.,село
Ручей в районе д. Мошничье.,д.,деревня
"Ручей в районе д. Лапино впадает в р. Сумареку (незначительный), впадает в Северную губу. (На карте не указан)",р.,река
Ручей в районе д. Койкары.,д.,деревня
Ручей в окрестностях с. Кукшегоры.,с.,село
"Ручей в окрестностях с. Кукшегоры, впадает в р. Тулокса.",р.,река
Ручей в окрестностях с. Георгиевское в междуречье р. Визьма и р. Андога.,с.,село
Ручей в окрестностях с. Георгиевское в междуречье р. Визьма и р. Андога.,с.,село
"Ручей в окрестностях г. Кемь, впадает в Белое море в районе Ревежгоры.",г.,город
"Ручей (басс. р. Водла), берет начало в уроч. Большая поляна, впадает в оз. Гусиное (д. Салмозеро).",р.,река
"Ручей (басс. р. Водла), берет начало в уроч. Большая поляна, впадает в оз. Гусиное (д. Салмозеро).",р.,река
"руч., приток р. Videlend’ogi, исток из болота Vietsuo, протекает через оз. Raudojanlambi близ горы Raudumägi",р.,река
Рукав реки Шуи между левым берегом и о. Солохина луда. Ср. у правого берега Малый Ход.,о.,остров
Родник ровно на середине пути между д. Берёзово и г. Markizenvuara.,г.,город
Родник в районе с. Нюхча. Привязка к карте не является точной.,с.,село
Родник в д. Четчойла,д.,деревня
Рига жителя д. Кашканы.,д.,деревня
"Речка, впадает в Лебяжье озеро в районе д. Коросозеро.",д.,деревня
"Речка в окрестностях дер. Подужемье, впадает в Кемскуб губу Белого моря. Название происходит от того, что река на определенном отрезке протекает сквозь скалистое ущелье (ращелину): se pujottautuu. рус. р. Пуэта",р.,река
"Река, протекающая в 4 км от г. Пудож.",г.,город
"Река, протекающая в 4 км от г. Пудож.",г.,город
"Река, приток оз. Муромское, дл. течения 25 км, от моста в д. Гакугса до оз. Муромское 12 км. Река, вытекает из болот. мест., впадает в Онежское оз. Дл. 35 верст. Сплав. [ЕЭУ 90] Река приток оз. Муромского которое прежде очевидно было одним из заливов Онежского озера а в настоящее время соединяется с ним небольшим протоком называемым рекой Муромкой [Известия общества изучения Олон. губ. 1914 т. III №1-2, с. 2] Река, приток оз. Муромское. Выше д. Гакугса называется Погрека (течет с сев.), кот. образуется в рез-те объединения ручьев Лепручей и Магручей:1 - л.пр. руч. Ранин, на прав. берегу кот. уроч. Ранина Гора 2 - лев. пр. Кашручей, на лев. бер. уроч. Першина Мельница вытекает из бол. Носы - многочисл. мысы на вост. от бол. Носы - бол. Вепсимох по руч. Вепсручей - течет на сев. в р. Черная) -лев. пр. Погреки р. Суя, вытекает южнее бол. Вепсимох, на прав. бер. уроч. Деревенский Нос. -лев. пр. Лухтручей -пр. пр. (ниже д. Гакугса) р. Сара. Река Гакугса протекает через бол. Гакугское и бол. Муромское, впад. в оз. Муромское между бол. Овекша и уроч. Михалевич Нос [ТК]",с.,село
"Река, приток оз. Муромское, дл. течения 25 км, от моста в д. Гакугса до оз. Муромское 12 км. Река, вытекает из болот. мест., впадает в Онежское оз. Дл. 35 верст. Сплав. [ЕЭУ 90] Река приток оз. Муромского которое прежде очевидно было одним из заливов Онежского озера а в настоящее время соединяется с ним небольшим протоком называемым рекой Муромкой [Известия общества изучения Олон. губ. 1914 т. III №1-2, с. 2] Река, приток оз. Муромское. Выше д. Гакугса называется Погрека (течет с сев.), кот. образуется в рез-те объединения ручьев Лепручей и Магручей:1 - л.пр. руч. Ранин, на прав. берегу кот. уроч. Ранина Гора 2 - лев. пр. Кашручей, на лев. бер. уроч. Першина Мельница вытекает из бол. Носы - многочисл. мысы на вост. от бол. Носы - бол. Вепсимох по руч. Вепсручей - течет на сев. в р. Черная) -лев. пр. Погреки р. Суя, вытекает южнее бол. Вепсимох, на прав. бер. уроч. Деревенский Нос. -лев. пр. Лухтручей -пр. пр. (ниже д. Гакугса) р. Сара. Река Гакугса протекает через бол. Гакугское и бол. Муромское, впад. в оз. Муромское между бол. Овекша и уроч. Михалевич Нос [ТК]",с.,село
"Река, нижнее течение р. Дегенс",р.,река
"Река, нижнее течение р. Дегенс",р.,река
"Река, лев. приток р. Водла. Река в 9 км на сев. от д. Кривцы. Река в окрестностях п. Кубово.",п.,посёлок
"Река, вытекающая из озера Среднее и впадающая в озеро Деревенская Ламба, протяженность 600 м.",м.,метров
"Река, вытекает из оз. Кекозеро, впадает в оз. Долгозеро (далее - р. Кедра - оз. Кедрозеро - р. Паланга - р. Колода).",р.,река
"Река, впадает в р. Шолу, ниже р. Сепатки.",р.,река
"Река, впадает в р. Суну под д. Вороново.",д.,деревня
"Река, впадает в р. Нюхча. По берегу были сенокосы жителей с. Нюхча. Один старик рассказывал, что первоначально деревня была при впадении р. Ухты в Нюхчу. Место было холодное, хлеба мерзли, и народ переселился на место современного села.",с.,село
"Река, впадает в оз. Чопшезеро, из которого вытекает р. Чопша Нижняя, лев. пр. р. Вама длина теч. 12 км.",р.,река
"Река, впадает в Белое море. На ее берегу располагается с. Нюхча. Лебеди в настоящее время на реке не гнездятся. Пролетом останавливаются на болоте у горы Бережнуха, которая находится при впадении р. Нюхчи в Белое море. В 1583 году зафиксирована в форме - Нюкча и Нюкса.",р.,река
"Река, впадает в Белое море в г. Кемь.",г.,город
"Река к северо-востоку от дер. Колвица, вытекает из Белого озера и впадает в оз. Тикша и делее в Колвицкое озеро. До 1900 г. колвичане могли ловить рыбу только в Колвицком озере и впадающей в него речке Тикше (Никольский 1927: 155).",г.,год
Река в окрестностях п. Кубово.,п.,посёлок
Река в окрестностях п. Кубово.,п.,посёлок
"Река в 3500 м. к северу от дер., её пересекает дорога в Куйтежу.",м.,метров
"Река в 300 м. к югу от дер., её пересекает дорога в Kondui.",м.,метров
"Река (басс. оз. Муромское), приток р. Гакугса, впадает в 3 км ниже д. Гакугса.",д.,деревня
"расположена на полуострове, на юго-запад от дер. Лахта, напротив о. Элойсварь",о.,остров
"расположена на полуострове, на юго-запад от дер. Лахта, напротив о. Элойсварь",о.,остров
"расположена на полуострове, на юго-запад от дер. Лахта, напротив о. Элойсварь",о.,остров
"Пустошь, принадлежавшая Муромкому монастырю в 1582 г., сена выкашивалось 35 копен.",г.,год
Пудас огибает небольшой заливной остров Pajuluoto. Огибает о. Kuuzisuari.,о.,остров
протекает у г. Коркеакангас,г.,гора
"Просека в районе д. Унежма по имени бригадира лесорубов Аношкина, ее прорубившего.",д.,деревня
Пролив межжду о. Орож-Яма и о. Бол. Климецкий.,о.,остров
Пролив между о. Орловец и мысом Змеиный Нос.,о.,остров
"Пролив между материком и о. Кяместров. На карте - это Подта́йбольская губа́, но эта губа находится южнее.",о.,остров
Прогон для скота около д. Лижма.,д.,деревня
"Прогон д. Vehkei, ведущий на поле Savihoud.",д.,деревня
Прогон в д. Пелдожа.,д.,деревня
"Пристань для лодок в сев. части о. Юргилицкий (оз. Ведлозеро). Вокруг всего острова камни, поэтому, когда сильный ветер, к берегу на лодке не подъехать. А в Reduvalgamo камней нет, поэтому здесь пристань.",о.,остров
"Пристань для лодок в сев. части о. Юргилицкий (оз. Ведлозеро). Вокруг всего острова камни, поэтому, когда сильный ветер, к берегу на лодке не подъехать. А в Reduvalgamo камней нет, поэтому здесь пристань.",о.,остров
"Приметный мыс на восточном берегу губы Куна Онежской губы, западнее о. Маникостров.",о.,остров
"Приметное место. Большой морской буй, принесенный из Белого моря после шторма в начале 1990-х гг. к сев.-вост. побережью о. Мягостров. Частично замыт в береговой песок. Хорошо виден с моря.",о.,остров
"Приметное место. Большой морской буй, принесенный из Белого моря после шторма в начале 1990-х гг. к сев.-вост. побережью о. Мягостров. Частично замыт в береговой песок. Хорошо виден с моря.",о.,остров
Прежнее название п. Калевала. Центр Калевальского (бывш. Ухтинского) р-на.,п.,посёлок
"Предболотье у хребта Сюрьга,место влажное. Здесь собирают ягоды жители с. Нюхча.",с.,село
правый приток р. Топорная,р.,река
правый приток р. Наровож,р.,река
правый приток р. Видлица,р.,река
Поселок в 57 км на вост. от г. Пудож.,г.,город
"Пороги на р. Сумарека, ниже Сомбольского порога. (Нижние - Зяблики - Верхние)",р.,река
"Пороги на р. Водла, выше д. Кривцы.",р.,река
Порог на р. Hirvioja.,р.,река
"Порог на р. Нюхча, состоит из двух перекатов. В этом месте впадает р. Муромручей в р. Нюхча.",р.,река
"Порог на р. Колода, ниже пос. Приречный, ниже устья р. Чорги. Порог на р. Колода, в 25 км от д. Кубовской вверх по реке по преданию, тут жил старик Пенькин/Пенька. У него была жена и дочь, которые гуляли с разбойниками. Тогда Пенька связал их косами и отправил в порог.",д.,деревня
"Порог на р. Кемь, выше порога Мегалда. Длина 200 м., ширина 100 м., глубина до 1.5 м. Это было хорошее нерестилище и, соответственно, рыбное место.",м.,метров
"Порог на р. Кемь, выше порога Мегалда. Длина 200 м., ширина 100 м., глубина до 1.5 м. Это было хорошее нерестилище и, соответственно, рыбное место.",м.,метров
"Порог на р. Водла, ниже о-ва Войбуч, между пор. Песьенец и Подъиваньков.",р.,река
"Порог на р. Водла, между порогами Волчий и Орешек.",р.,река
Порог в р. Ялганда у п. Онежский.,п.,посёлок
Порог в р. Ялганда у п. Онежский.,п.,посёлок
Порог в р. Ялганда у п. Онежский.,п.,посёлок
"Порог в низовьях р. Вама, при впадении реки в р. Водла.",р.,река
"Порог (перекат) на р. Нюхча в 150 м. ниже Морского Порога. Проход для лодок узкий и опасный, между камней. Привязка к карте не является точной. Когда-то деды прокопали спрямляя поворот на р. Нюхча",р.,река
"Поляны, расположенные на северо-западе от д.Вороний Остров в 500 м.",м.,метров
"Поляны, расположенные на северо-западе от д.Вороний Остров в 500 м.",м.,метров
Поляны у п. Онежский.,п.,посёлок
Поляны у п. Онежский.,п.,посёлок
Поляны п. Онежский.,п.,посёлок
Полянка в р-не д. Нижняя Путка.,д.,деревня
"Поляна, расположенная западне д. Усть-Яндома, у дороги из Усть-Яндомы на Сибово, 1.5 км от моста через р. Яндома в сторону Сибово, у Чежгубы Судя по расположению, название связано с тем, что поляна расположена за мостками по дороге, проложенными по низинному сырому месту.",р.,река
"Поляна, расположенная в 1,5 км северо-восточнее д.Вороний Остров, слева от дороги на д.Тамбицы, считая от Вороньего Острова. Поляна к западу от д.Вороний Остров на расстоянии 400 м.",м.,метров
"Поляна у р. Сорма, принадлежала Муромскому монастырю.",р.,река
Поляна у п. Онежский.,п.,посёлок
Поляна у п. Онежский.,п.,посёлок
Поляна у п. Онежский.,п.,посёлок
Поляна у п. Онежский.,п.,посёлок
Поляна у п. Онежский.,п.,посёлок
"Поляна по ручью, текущему с оз. Корчагинское в р. Виксинда, по дороге три мостика через 5-7 м.",м.,метров
"Поляна по дороге из д. Заозерье в д. Лахта, при устье р. Хабанзя. Землянику брали дрова заготовляли",д.,деревня
Поляна п. Онежский.,п.,посёлок
Поляна п. Онежский.,п.,посёлок
Поляна п. Онежский.,п.,посёлок
Поляна п. Онежский.,п.,посёлок
Поляна п. Онежский.,п.,посёлок
Поляна п. Онежский.,п.,посёлок
Поляна п. Онежский.,п.,посёлок
Поляна п. Онежский.,п.,посёлок
Поляна п. Онежский.,п.,посёлок
Поляна п. Онежский.,п.,посёлок
Поляна п. Онежский.,п.,посёлок
Поляна п. Онежский.,п.,посёлок
Поляна около д. Беляева Гора.,д.,деревня
Поляна на юго-востоке от Вороньего Острова в 500 м.,м.,метров
Поляна на юго-востоке д.Поля в 100 м.,м.,метров
Поляна на юго-востоке д.Поля в 100 м.,м.,метров
Поляна на юго-востоке д.Поля в 100 м.,м.,метров
Поляна на юге д.Габнаволок в 40 м.,м.,метров
Поляна на юге д.Габнаволок (Тамбицы) в 20 м.,м.,метров
Поляна на р. Сустрежа (д. Великодворская).,р.,река
"Поляна на левом берегу р. Колоды, против дер. Щаниковой, у одноименного озера.",р.,река
Поляна на восток от Погоста в 200 м.,м.,метров
"Поляна на вост. от д. Сума. Пахотное угодье на прав. берегу р. Сума, по дороге в д. Кубово.",д.,деревня
"Поляна за д. Чуркина Гора, где дорога на Пялозеро. Пахотная поляна у перекрёстка дорог, на север от с. Корбозеро. Дороги в Пялозеро и Тамбичозеро. Крест на Ростанях.",с.,село
Поляна в р-не д. Хашезеро.,д.,деревня
Поляна в 500 м. южнее дер. Новинка.,м.,метров
"Поляна в 500 м. севернее деревни, за Северным полем.",м.,метров
Поляна в 4 км на с/в от п. Онежский.,п.,посёлок
Поляна в 4 км на с/в от п. Онежский.,п.,посёлок
Поля. Храм сгорел в 1984 г.,г.,город
Поля на зап. от д. Гладкино.,д.,деревня
Поля жителей с. Нюхча. Ср. Высокий Бор (Под Высоким).,с.,село
"Поля жителей д. Черново, по другую сторону от Палангоры.",д.,деревня
Поля жителей д. Ушково (здесь сеяли рожь).,д.,деревня
Поля жителей д. Машозеро.,д.,деревня
Поля д. Котчура.,д.,деревня
Поля д. Котчура.,д.,деревня
Поля в окрестностях м. Кали,м.,метров
Полуостров между д.Лахта и д. Гошкила.,д.,деревня
Поле/покос в районе р. Черная.,р.,река
"Поле, расположенное к западу от Задней деревни (Типиницы) на расстоянии 500-700 м., вдоль дороги на север. Название связано с тем, что поле вытянуто вдоль дороги узкой лентой, расширяясь на юге и севере.",м.,метров
"Поле, поляна на юго-западе д.Чёрный Наволок в 50 м., на склоне возвышенности, на которой располагается деревня.",м.,метров
"Поле, находится на юго-востоке д.Задняя (Типиницы), на расстоянии 10 м.",м.,метров
Поле у р. Колоды Ср. Озерное поле,р.,река
Поле у д. Пустоша.,д.,деревня
Поле у д. Заречье.,д.,деревня
Поле у д. Гладкино.,д.,деревня
Поле с. Федоровское.,с.,село
Поле с. Другая Река.,с.,село
Поле расположено на севере д.Поля в 50-70 м.,м.,метров
Поле расположено на севере д.Поля в 50-70 м.,м.,метров
Поле расположено на север д.Кибитка в 200 м.,м.,метров
Поле п. Онежский.,п.,посёлок
Поле п. Онежский.,п.,посёлок
Поле около д. Крестная Гора.,д.,деревня
Поле на юго-восток от деревни в 500 м.,м.,метров
"Поле на юге д.Чёрный Наволок (Тамбицы), в 60 м.",м.,метров
Поле на север д.Габнаволок в 100 м. На этом месте играли в рюхи.,м.,метров
Поле на западе от д.Чёрный Наволок в 200 м.,м.,метров
Поле на западе д.Габнаволок в 200 м.,м.,метров
Поле на зап. от д. Остров.,д.,деревня
"Поле на восточном берегу о. Выгостров, к сев. от деревни.",о.,остров
Поле на востоке от д.Бережной (Типиницы) в 300 м.,м.,метров
Поле на вост. от д. Кулгала.,д.,деревня
Поле к югу от деревни в 500 м.,м.,метров
"Поле к северу от д. Саньки, в 300 м.",м.,метров
"Поле и покос д. Tihoništ, по дороге в д. Mečantaga.",д.,деревня
"Поле и покос д. Tihoništ, по дороге в д. Mečantaga.",д.,деревня
Поле за с. Шуньга.,с.,село
Поле жителей с. Нюхча. Привязка к карте не является точной.,с.,село
Поле жителей с. Нюхча.,с.,село
Поле жителей с. Нюхча.,с.,село
Поле жителей с. Нюхча у Ермовочной Рады,с.,село
Поле жителей с. Нюхча перед г. Игнашиха. Привязка к карте м.б. не совсем точной.,г.,гора
Поле жителей с. Нюхча на г. Игнашиха. Привязка к карте не является точной.,г.,гора
Поле жителей с. Нюхча (фамилия владельцев - Титовы),с.,село
Поле жителей с. Нюхча (фамилия владельцев - Титовы),с.,село
Поле жителей с. Нюхча (фамилия владельцев - Титовы),с.,село
"Поле жителей д. Берёзово, на берегу ручья Iivanoja.",д.,деревня
Поле д. Syrd. Принадлежало попу.,д.,деревня
Поле д. Слободина Гора.,д.,деревня
Поле д. Лобеги.,д.,деревня
"Поле д. Гумарнаволок, мельницы на памяти информатора не было.",д.,деревня
Поле д. Глебово в междуречье р. Визьма и р. Андога.,р.,река
Поле д. Гижино по дороге в д. Палнаволок.,д.,деревня
"Поле д. Б. Пога на южной оконечности о-ва, у пролива (река), разделяющего Мал. и Бол. Погу. Пахотное угодье д. Б. Пога, на нем полосы: Рассадники, Правая сторона к дороге, Левая сторона, Машины и Павловы Гоны, Васина поляна, Площадь к реке, Шашины Гоны о наволок, Северный Край Петрова поляна, За Ямами.",д.,деревня
Поле в центральной части о. Выгостров.,о.,остров
Поле в районе д. Сигнаволок.,д.,деревня
Поле в районе д. Пялозеро.,д.,деревня
Поле в р-не д. Загорье.,д.,деревня
"Поле в зап. части о. Выгостров, на мысу, вдающемся в оз. Водлозеро.",о.,остров
"Поле в 800 м. от деревни, под горой, бывшие подсеки С этого поля течет речка. Есть колодец.",м.,метров
Поле в 800 м. к востоку от деревни.,м.,метров
"Поле в 700 м. к востоку от деревни, южнее поля papin pol'anku.",м.,метров
"Поле в 700 м. к востоку от деревни, рядом с полем Klimoipeldo, справа от северной дороги в Läpäkkö.",м.,метров
"поле в 600 м. к востоку от деревни, справа от северной дороги в Läpäkkö, напротив поля alango.",м.,метров
"Поле в 500 м. от деревни, за полем pitky pol'anku, слева от дороги в Куйтежу.",м.,метров
"Поле в 500 м. к югу от дер., слева от переулка Puustankujo, южнее поля Mrdopeldo.",м.,метров
"Поле в 400 м. от деревни, справа от дороги в Куйтежу, за полем prošken tagaverii.",м.,метров
"Поле в 400 м. к югу от дер., справа переулка Puustankujo.",м.,метров
"Поле в 400 м. к югу от дер., к западу от поля lietopeldo.",м.,метров
"Поле в 400 м. к юго- востоку от деревни, справа от южной дороги в Läpäkkö, через дорогу от поля kivipol'anku.",м.,метров
"Поле в 300 м. к северу от деревни, справа от дороги в Куйтежу, находится за домом Prošken talo.",м.,метров
"Поле в 200 м. к югу от дер., слева от переулка jogikujo.",м.,метров
"Поле в 200 м. к юго- востоку от дер., к западу от поля leninskoi,справа от дороги в Läpäkkö.",м.,метров
"Поле в 200 м. к северо- западу от дер., слева от переулка Hotikujo, к западу от поля riigoin tagaverii.",м.,метров
"Поле в 200 м. к западу от дер., южнее поля livotšipeldo.",м.,метров
"Поле в 200 м. к западу от дер., южнее поля Bajoižet.",м.,метров
"Поле в 200 м. к востоку от деревни, слева от севенрной дороги в Läpäkkö.",м.,метров
"Поле в 200 м. к востоку от дер., на юго- западном склоне холма, за школой.",м.,метров
Поле (чищенина) жителей с. Нюхча. Фамилия Карельские. Привязка к карте м.б. не совсем точной.,с.,село
"Покосы, расположенные в 2.5 км к северо-западу от д. Красная Сельга.",д.,деревня
"Покосы, расположенные в 12 км от п. Калевала в сторону г. Кеми. Бывший хутор.",п.,посёлок
"Покосы на р.Шапше, выше п. Ладва - Ветка, в 7 км от дер. Иломанча, в месте впадения в р.Шапшу Келяйручья.",п.,посёлок
Покосы жителей д. Сельги. D'ymizien taguana.,д.,деревня
Покосы д. Ранина Гора.,д.,деревня
Покосы д. Коскосалма по реке.,д.,деревня
Покосы д. Бол. Пога.,д.,деревня
"Покосы д. Алексеево, по фамилии владельца.",д.,деревня
Покосы в р-не р. Янгозерка.,р.,река
Покосы в окрестностях д. Шушки.,д.,деревня
Покосы в окрестностях д. Галлезеро.,д.,деревня
Покосы в окрестностях д. Виданы.,д.,деревня
"Покосы в 350 м. к югу от деревни, к югу от поля Hykkihiine.",м.,метров
"Покос, расположенный по правому берегу р.Кузнецкая, тянущийся от моста через р.Кузнецкую в д.Погост на юг, протяженностью 50 м.",м.,метров
"Покос, к зап. от д. Кошуково.",д.,деревня
"Покос, 500 м к юго-западу от д. Саньки, на низком месте, под горой. Рядом угодье Теребок.",д.,деревня
Покос у д. Гакугса. Пахотная поляна на берегу р. Суя. Урочище на прав. берегу р. Суя.,р.,река
Покос по р. Сума.,р.,река
"Покос по р. Колода, выше устья Майморучья.",р.,река
Покос по р. Андоге в окрестностях с. Ивановское.,с.,село
Покос на р. Похта у д. Новиково.,р.,река
Покос на р. Иводе (дер. Аксеново).,р.,река
"Покос на р. Вама в месте, где у дороги на д. Половина стоял Крест. Урочище на лев. берегу р. Вама, между Вашпорогом и о. Корнев, против д. Вама.",о.,остров
Покос на р. Большая Сенатка.,р,река
Покос на р. Большая Сенатка.,р.,река
"Покос на одноименном мысу. Пустошь принадлежавшая Муромскому монастырю в 1582 г выкашивалось сена 25 копен . Муромский монастырь. Олон. сборник, 1886, вып. 2, с. 110 Сена косят на монастырь на Березовцы на Сормой и Вакуксе и на Суи и на Черной речке. ПКОП 1563, с. 201",с.,село
"Покос на одноименном болоте. Пахотная поляна за д. Нигижма, по свидетельству иняорматора, не каменистое место.",д.,деревня
Покос на о. Суйсарь на берегу к югу от деревни на 0.5 км.,о.,остров
"Покос на о. Кижи, между деревнями Ямка и Васильево. там добывали глину и делали кирпичи",о.,остров
"Покос на западном берегу Святухи, в 150 м. на ю/в от дер.",м.,метров
Покос на вост. от с. Георгиевское.,с.,село
"Покос на вост. от д. Сума. Пахотное угодье на прав. берегу р. Сума, по краю дороги в д. Кубово.",р.,река
"Покос на вост. от д. Сума. Пахотное угодье на прав. берегу р. Сума, по краю дороги в д. Кубово.",р.,река
Покос на вост. от д. Сума.,д.,деревня
Покос за р. Путкозерка.,р.,река
Покос жителей с. Нюхча. Привязка м.б. не совсем точной.,с.,село
Покос жителей с. Нюхча.,с.,село
Покос жителей с. Нюхча.,с.,село
Покос жителей с. Нюхча.,с.,село
Покос жителей с. Нюхча.,с.,село
"Покос жителей с. Нюхча, между р. Нюхча и Кунопацким ручьем.",р.,река
Покос жителей с. Нюхча у Чёрного бора. Привязка к карте не является точной.,с.,село
"Покос жителей с. Нюхча по Берегу Белого моря, рядом с впадением р. Нюхча. Привязка к карте м.б. не совсем точной.",с.,село
Покос жителей с. Нюхча,с.,село
Покос жителей д. Спасская Губа.,д.,деревня
Покос д. Van´kamposad по направлению к д. Mägots.,д.,деревня
Покос д. Syrd.,д.,деревня
Покос д. Пяшница по р. Андоге.,д.,деревня
Покос д. Путилово.,д.,деревня
Покос д. Палнаволок.,д.,деревня
Покос д. Куганаволок по р. Ильвама.,р.,река
Покос д. Кодобал по р. Визьма.,р.,река
"Покос д. Дубова по р. Колоде, между устьями рек Паланга и Калма, под горой Кивень. Ср. рядом Омосовонга.",р.,река
Покос д. Бол. Куганаволок по р. Ильвама.,р.,река
Покос д. Бол. Куганаволок по р. Ильвама.,р.,река
Покос в устье р. Трехверстка.,р.,река
Покос в районе д. Бураково.,д.,деревня
"Покос в 700 м. на ю/в от деревни, у лесной тропы, рядом поляна У Мостины. Ягодница [НАРК, ф.2341, оп.1, 8/108, л.5, 1947].",м.,метров
"Покос в 500 м. к югу от дер., к западу от поля treškanmelitšan dorogu.",м.,метров
"Покос в 400 м. к югу от дер., к западу от поля Syväim'halmeh.",м.,метров
"Покос в 3000 м. к западу от дер., к юго востоку от покоса hiiroiluuhti.",м.,метров
Покос в 3 в. от д. Сопоха в лесу.,д.,деревня
"Покос в 2500 м. к северо -западу от дер., к западу от покоса keskikorti.",м.,метров
"Покос в 2000 м. к северо- западу от дер., западнее поля alahažet.",м.,метров
"Покос в 2 км от деревни в лесу, к югу от г. Медвежица и угодья Медведица.",г.,город
Покос в 2 км от д. Kukagd´/Володарского.,д.,деревня
"Покос в 1500 м. к югу от дер, справа от дороги в деревню Kondui, южнее покоса koveroja.",м.,метров
Покос (поп косил) за д. Шильникова.,д.,деревня
Пожога д. Устье.,д.,деревня
Пожня у п. Онежский.,п.,посёлок
Пожня у п. Онежский.,п.,посёлок
пожня по о. Лисьему,о.,озеро
Пожня п. Онежский.,п.,посёлок
Пожня п. Онежский.,п.,посёлок
Пожня п. Онежский.,п.,посёлок
Пожня п. Онежский.,п.,посёлок
Пожня на юго-западе д.Чёрный Наволок (Тамбицы) в 300 м.,м.,метров
Пожня на юге д.Габнаволок в 500-600 м.,м.,метров
Пожня на с.-в. от центра с. Шуньга.,с.,село
"Пожня на берегу Дедовой Губы Белого моря в 8,5 км к северо-востоку от с. Поньгома",с.,село
"Пожня жителей с. Нюхча. Возможно, что то же место, что У Креста.",с.,село
Пожня д. Лядины.,д.,деревня
Пожня в 7-8 км. к северу от с. Поньгома,с.,село
Пожня в 6 км. к северу от с. Поньгома,с.,село
"Пожня в 4 км к западу от н.п. Падмозеро, в районе д. Перхино.",д.,деревня
Пожни п. Онежский.,п.,посёлок
Пожни п. Онежский.,п.,посёлок
Пожни п. Онежский.,п.,посёлок
Пожни п. Онежский.,п.,посёлок
"Пожни на о. Сумостров. Остров находится у с. Вирма. но, судя по источнику, покосы на нем были и у жителей Сухого. Привязка к карте не является точной. Привязано к северной окраине острова, удаленной от с. Вирма.",о.,остров
Пожни к югу от бывшей д.Пургино в 300 м.,м.,метров
Пожни жителей села на о. Большой Еловец. Привязка к карте м.б. не совсем точной.,о.,остров
Пожни жителей Кеми под г. Ревяжварака.,г.,гора
Пожни д. Кильпога на г. Якосерьга.,г.,гора
"Пожни в 0,5 км на восток от д. Селезнево.",д.,деревня
Поворот р. Нюхча у Пигоры.,р.,река
Плес на р. Туба.,р.,река
"Плёс на р. Нюхча, ниже по течению от с. Нюхча",с.,село
Перешеек в оз. Лижмозеро вдоль восточного берега о. Большой.,о.,остров
Переулок в 100 м. к северо- западу от дер.,м.,метров
"Перекат на р. Водла, у о-ва Келейный (на другой стороне о-ва Каменка). Ср. рядом Верхняя Пуганда.",р.,река
Первый порог по р. Большой Кетьмуксе.,р.,река
Первый порог на р. Нюхча вниз по течению от с. Нюхча. Привязка к карте м.б. не совсем точной.,р.,река
Пахотное угодье по дороге в г. Пудож. Ср. уроч. Жиловщина.,г.,город
"Пахотное угодье по дороге в г. Пудож, рядом с уроч. Ебисельга (здесь полоса - У Креста Мишиных).",г.,город
"Пахотное угодье за д. Кривцы, по дороге в г. Пудож.",г.,город
"Пахотное угодье за д. Кривцы, по дороге в г. Пудож.",г.,город
"Пахотное угодье за д. Кривцы, по дороге в г. Пудож.",г.,город
Пахотное угодье д. Кривцы по дороге в г. Пудож. Поле/сенокос к югу от д. Кривцы.,г.,город
Пахотное угодье д. Кривцы по дороге в г. Пудож.,г.,город
"Пахотное угодье д. Кривцы по дороге в г. Пудож, против уроч. Семейная поляна, между дорогой и р. Водла. Ср. Жиловщины Верхни.",г.,город
"Пахотное угодье д. Кривцы по дороге в г. Пудож, против уроч. Ебисельга, между дорогой и р. Водла.",г.,город
"Пахотное угодье д. Кривцы за р. Водла, на берегу реки, у дороги в г. Каргополь.",г.,город
Пахотная поляна на р. Н. Корба.,р.,река
"Оcтров в Белом море к востоку от с.Колежма, на с/з от Кондострова. В памяти колежемцев и нюхчан, Кондостров и его окрестности связаны, прежде всего, с ГУЛАГом: «Старики нюхотские говорили, что это в честь министра госбезопасности Абакумова В. С. названо». Урочище на с.-зап. о. Кондостров. Останки лагерных бараков.",о.,остров
Отмель в р. Ялганда у п. Онежский.,п.,посёлок
Островок на ю/з границе архипелага Уйма. Маркировал проход между Уймами и о. Климецкий.,о.,остров
Островок между о. Мальковец и Поповым о-вом.,о.,остров
"Островок в Уницкой губе к юго-западу от о. Березовец, против Гангасгубы.",о.,остров
"Островок в Заонежском заливе Онежского озера, в районе д. Лонгасы. Рядом с о. Высокий.",о.,остров
Островок в Белом море у г. Кемь.,г.,город
Островок в Белом море в районе с. Шуерецкое.,с.,село
Островок в Белом море в районе г. Кемь.,г.,город
Островок (луда) напротив м. Становой Наволок. Имеет навигационное значение. В отлив доступен по литорали,м.,мыс
Островок (луда) напротив м. Становой Наволок. Имеет навигационное значение. В отлив доступен по литорали,м.,мыс
"Остров, примыкающий с севера к о. Еглово.",о.,остров
"Остров, дл.120 м., ш.60 м. Расположен в Святухе в 150 м. на ю/в от дер. Быково. Рядом о. Овечий. о.Кониный [ТК]",м.,метров
"Остров, дл.120 м., ш.60 м. Расположен в Святухе в 150 м. на ю/в от дер. Быково. Рядом о. Овечий. о.Кониный [ТК]",м.,метров
Остров Muuraissaari находится на севере зал. Суоенлахти. Южнее этого острова находится о. Jänissaari.,о.,остров
"Остров у ю/в берега о. Кижи, против Погоста.",о.,остров
"Остров у западного берега Святухи, в 300 м. западнее о-ва Сташий Фофан, в 2 км к ю/в от деревни.",м.,метров
Остров у восточного берега Кондопожской губы Онежского озера в окрестностях г. Кондопоги. Справа от городской пристани.,г.,город
"Остров у вост. берега Онежского озера, за о. Петрило (пос. Пяльма).",о.,остров
"остров Сойканлуото расположен в проливе Ханкосалонселькя, северо-западнее г. Кимамяки (высота 82.3)",г.,гора
Остров севернее о. Голомянный Боршовец. Колония морских птиц. «На Синюхе весной яиц можно собрать».,о.,остров
Остров Рекисари расположен на стыке прол. Хонкасалонселькя и озером Ладога. На востоке от него расположен о. Васасари.,о.,остров
Остров реки Кемь между материком и о. Средний Пудас.,о.,остров
Остров реки Кемь между материком и о. Средний Пудас.,о.,остров
"остров оз. Сумозера к северу от д. Воренжа, к с. и с.-з. от него начинаются хоз.и вод. владения жителей д. Ёндогуба",с.,севере
Остров оз. Ковдозеро. отделен от материка проливами Большая и Меньшая Лайдасалма. На карте о. Лайдасалма.,о.,остров
"Остров напротив Юково, на с/з от о.Мягостров. Ср. восточнее о. Сосновец или Голый Сосновец.",о.,остров
Остров напротив деревни Kežarvi. Рядом с ним в озере яма глубиной ококло 40 м.,м.,метров
Остров наОнежском озере к северо-востоку от о. Еглов. На острове поле и покосы.,о.,остров
Остров на ю. от о. Мягостров. Охотничья изба. Личная тоня.,о.,остров
Остров на с.-зап. от о. Мягостров. Бывшая тоня колхоза «Им. Калевалы» д. Юково. Изба. Гостевые домики. Личная тоня. См. Бережной Сосновец.,о.,остров
Остров на с.-зап. от о. Мягостров. Бывшая тоня колхоза «Им. Калевалы» д. Юково. Изба. Гостевые домики. Личная тоня. См. Бережной Сосновец.,о.,остров
"Остров на р. Сумареке, выше д. Лапино, у порога Кириёшка.",д.,деревня
Остров на р. Руйга.,р.,река
"Остров на р. Водла, на нем Мандерская поляна.",р.,река
"Остров на р. Водла, выше д. Падун, у пор. Щелейки.",р.,река
"Остров на р. Вама, при впадении р. Чопша, в 10 км выше д. Половина по сведениям информатора, остров заливался водой, и на нем были покосы д. Половина.",р.,река
"Остров на зап. от о. Мягостров через пролив Мягостровская Салма. Однако «Щельем» обычно называют небольшой островок на зап., в р-не Игольниковой корги, где построена охотничья изба. Охотничье угодье.",о.,остров
"Остров на зап. от о. Мягостров через пролив Мягостровская Салма. Однако «Щельем» обычно называют небольшой островок на зап., в р-не Игольниковой корги, где построена охотничья изба. Охотничье угодье.",о.,остров
"Остров на зап. от о. Мягостров через пролив Мягостровская Салма. Однако «Щельем» обычно называют небольшой островок на зап., в р-не Игольниковой корги, где построена охотничья изба. Охотничье угодье.",о.,остров
"Остров на зап. от о. Мягостров через пролив Мягостровская Салма. Однако «Щельем» обычно называют небольшой островок на зап., в р-не Игольниковой корги, где построена охотничья изба. Охотничье угодье.",о.,остров
"Остров на зап. от о. Мягостров через пролив Мягостровская Салма. Однако «Щельем» обычно называют небольшой островок на зап., в р-не Игольниковой корги, где построена охотничья изба. Охотничье угодье.",о.,остров
"Остров на вост. от о. Омостров. Имеет навигационное значение – при подходе с моря надо держаться мористее, чтобы не наскочить на прибрежные мели.",о.,остров
"Остров на болоте, сенокос. Угодья с. Георгиевское на р. Андога.",с.,село
Остров на болоте в районе с. Шуерецкое.,с.,село
"Остров леса на болоте, на восток от с. Урицкое.",с.,село
"Остров из группы о-вов Степановы Луды. В 1996 г. большая часть острова сгорела в результате лесного пожара. Название «Горелый» с тех пор закрепилось у мореходов с. Колежма. Включают: Горелый Степанов (=Бережной), Степанов Средний, Голоменой Степанов (= Голомянный).",г.,год
Остров восточнее о. Сосновец в Кондопожской губе Онежского озера.,о.,остров
"Остров в Шуерецкой губе, рядом о. Большой Либуев.",о.,остров
Остров в Уницкой губе. Севернее расположен о. Сев. Соколий.,о.,остров
"Остров в Уймах, на ю/в от о. Долгий. Рядом о. Сато Малый.",о.,остров
Остров в Онежском озере у п. Онежский.,п.,посёлок
Остров в Онежском озере у п. Онежский.,п.,посёлок
Остров в Онежском озере у п. Онежский.,п.,посёлок
Остров в Онежском озере у п. Онежский.,п.,посёлок
Остров в Онежском озере у п. Онежский.,п.,посёлок
Остров в Онежском озере у п. Онежский.,п.,посёлок
Остров в Онежском озере у п. Онежский.,п.,посёлок
"Остров в оз. Крошнозеро, напротив д. Ёршнаволок.",д.,деревня
"Остров в Космозере, один из Антиповских островов, 1,5 км в длину и 350 м. в ширину поп бывало владел. Когда-то на острове косил поп Василий. о. Сильный [ТК]",м.,метров
"Остров в Космозере, в 500 м. к западу от деревни,в 100 м. южнее дер. Погост",м.,метров
"Остров в Космозере, в 500 м. к западу от деревни,в 100 м. южнее дер. Погост",м.,метров
"Остров в Космозере, в 50 м. на север от острова Малый Антиповский или Микин остров. На острове собирались пьяницы.",м.,метров
Остров в Заонежском заливе Онежского озера в районе д. Вертилово. На острове покос.,д.,деревня
Остров в Заонежском заливе Онежского озера в районе д. Вертилово. На острове покос.,д.,деревня
"Остров в заливе Веренгуба, у восточного берега Святухи. о. Шидерский [ТК]",о.,остров
"Остров в дельте р.Выг, в Беломорске. В 1924-25 г. была построена больница",г.,река
"Остров в губе Святуха, расположен в 100 м. к востоку от Остраднего острова, в 800 м. к с/в от дер. Микково, в 300 м. к с/з от Кривого острова См. на Космозере о. Антипий. Олений остров [РГИА, ф.380, оп.17, № 530, планшет 10, 1868].",о.,остров
"Остров в губе Святуха, напротив Церковного Наволока. На острове старое кладбище. Длина острова 350 м., ширина 60 м. Гонгостров [РГИА, ф.380, оп.17, № 530, планшет 10].",м.,метров
"Остров в губе Святуха, напротив Церковного Наволока. На острове старое кладбище. Длина острова 350 м., ширина 60 м. Гонгостров [РГИА, ф.380, оп.17, № 530, планшет 10].",м.,метров
"Остров в губе Святуха, длина 150 м, ширина 50 м, расположен у западного берега Святухи, в 300 м. к северу от дер. Быково.",м.,метров
"Остров в г. Кемь, рядом с Лепостровом, разделены протокой Большой пудас.",г.,город
"Остров в г. Кемь, рядом с Лепостровом, разделены протокой Большой пудас.",г.,город
"Остров в г. Кемь, в малую воду - полуостров.",г.,город
"Остров в Белом море, к востоку от о. Тумище.",о.,остров
"Остров в Белом море, в районе г. Кемь.",г.,город
Остров в Белом море к северу от о. Юльмяки.,о.,остров
Остров в Белом море к востоку от с. Колежма.,с.,село
Остров в Белом море к востоку от с. Колежма.,с.,село
Остров в Белом море к востоку от с. Колежма.,с.,село
Остров в Белом море за о. Русский Кузов.,о.,остров
Остров в Белом море за о. Немецкий Кузов.,о.,остров
"Остров в Белом море в районе г. Кемь. Рядом группа островков, которые вместе с этим называют также Берёзовыми островами.",г.,город
Остров в Белом море в районе г. Кемь.,г.,город
Остров в Белом море в районе г. Кемь.,г.,город
Остров в Белом море в районе г. Кемь.,г.,город
Остров в Белом море в районе г. Кемь.,г.,город
Остров в Белом море в районе г. Кемь.,г.,город
Остров в Белом море в районе г. Кемь.,г.,город
Остров в Белом море в районе г. Кемь.,г.,город
Остров в Белом море в районе г. Кемь,г.,город
Остров в Белом море в районе г. Кемь,г.,город
Остров в Белом море в 10 км. к юго-востоку от с. Поньгома,с.,село
Остров в архипелаге Уйма между о. Долгий и сев. концом о-ва Климецкий.,о.,остров
"Остров в 700 м. к западу от Терехово, в заливе Великая Губа. Молодежь собиралась в праздники.",м.,метров
"Остров в 300 м к югу от о. Конёво-яма, в районе д. Лонгасово.",о.,остров
"Остров в 300 м в длину и 70 м. в ширину, один из Фофановских островов, расположен в губе Святуха в 3 км на с/з от Погоста. По размеру больше Младшего Фофана. Фофанов остров [РГИА, ф.380, оп.17, № 533, планшет 31, 1868].",м.,метров
"Остров в 300 м в длину и 70 м. в ширину, один из Фофановских островов, расположен в губе Святуха в 3 км на с/з от Погоста. По размеру больше Младшего Фофана. Фофанов остров [РГИА, ф.380, оп.17, № 533, планшет 31, 1868].",м.,метров
Остров Белого моря к северу от о. Лигова.,о.,остров
"Омут на р. Суна, чуть выше острова Ситостров.",р.,река
"Омут на р. Иводе, против дер. K'ün'd'üšt.",р.,река
"Омут на р. Иводе, при впадении р. Vastoja.",р.,река
Омут в 3000 м. к югу от деревни на реке taroin jogi.,м.,метров
"Озерцо в районе д. Ёндогубы. Вода чёрная, щуки - тёмные.",д.,деревня
"Озеро, через которое протекает р. Туба. на карте обозначено как оз. Егозеро, но местное население называет оз. Падун.",р.,река
"Озеро, через которое протекает р. Туба. на карте обозначено как оз. Егозеро, но местное население называет оз. Падун.",р.,река
"Озеро, соединятеся с оз. Купецким р. Шалица.",р.,река
"Озеро, находящееся в 250 м. от оз. Долгая Лампи на северо-восток.",м.,метров
"Озеро, находящееся в 250 м. от оз. Долгая Лампи на северо-восток.",м.,метров
"Озеро, находящеейся в болотистой местности, в низменности в 500 м. от оз. Верхнее.",м.,метров
"Озеро, исток ручья Палоручей в р. Колоду расположено в 4 км от б/д. Палоручей",р.,река
"Озеро, исток р. Гаужа.",р.,река
Озеро-ламбушка Мусталампи расположено на о. Хонкасало.,о.,остров
Озеро у с. Шелтозеро.,с.,село
"Озеро Синемукса, протяженное, изрезано заливами. На берегу одного из заливов (зал. Кинелахта) располагается деревня Кинелахта. Очень мало островов. Ловля рыбы. Озеро Кинелахтинское в 2 км на вост. от д. Легмойла.",д.,деревня
Озеро недалеко от р. Черная в сторону Пудожа.,р.,река
"Озеро на юге от д. Ушково, которое является расширением р. Нижняя Охта. Вытянутое в длину озеро, через него протекает река Охта.",р.,река
Озеро на севере от д. Берёзово.,д.,деревня
Озеро на р. Иводе.,р.,река
Озеро на п-ове Ютнаволок длиной примерно 500 м.,м.,метров
Озеро км в 50 от п. Панозеро. Из него вытекает река Воинга.,п.,посёлок
Озеро к югу от д. Paloniemi.,д.,деревня
"Озеро к юго-востоку от с. Нюхча, в районе хутора Уккозеро. Возможно, что написано с ошибкой → *Гуляево.",с.,село
"Озеро к северу от Колвицкого озера, соединено с ним проливом Бабья салма. Здесь рыбачили жители дер. Колвица. До 1900 г. колвичане могли ловить рыбу только в Колвицком озере и впадающей в него речке Тикше, в озере Глубоком, к северу от него (Никольский 1927: 155).",г.,год
Озеро к северо-западу от с. Нюхча.,с.,село
"Озеро к северо-западу от Кандалакши (далеко), рядом г. Слюдяная.",г.,гора
Озеро Глухое у д. Устье.,д.,деревня
"Озеро глухое в районе оз. Мягозеро Подгорнее, Мягозеро Дорожнее на с/в от с. Корбозеро. Самое глубокое, до 40 м. Все видно на глубину.",с.,село
"озеро возле населенного пункта Печная Сельга, в правобережье р. Мегрега",р.,река
"озеро возле населенного пункта Печная Сельга, в правобережье р. Мегрега",р.,река
"Озеро в урочище д. Рубцовой (д. Салмозеро). По воспоминаниям, крестьяне спустили воду в болото, хотели сделать покос. Озеро (басс. р. Корба) за д. Рубцово из озера ручей в р. Корба (с. Салмозеро).",р.,река
Озеро в районе с. Нюхча.,с.,село
"Озеро в районе с. Нюхча, рядом с порогом Падун. На карте - оз. Собачье.",с.,село
"Озеро в районе р. Калма, рядом оз. Кекозеро",р.,река
Озеро в районе д. Ушково.,д.,деревня
"Озеро в районе д. Лапино, из него вытекает Волчий ручей.",д.,деревня
"Озеро в районе д. Воренжа, через него протекает р. Пенега.",р.,река
"Озеро в районе д. Воренжа, соединено р. Боевушкой с Верхним Тумиштозером и оз. Глубоким.",р.,река
Озеро в окрестностях п. Кубово.,п.,посёлок
Озеро в окрестностях п. Кубово.,п.,посёлок
Озеро в окрестностях п. Кубово.,п.,посёлок
Озеро в окрестностях п. Кубово.,п.,посёлок
Озеро в окрестностях п. Кубово.,п.,посёлок
Озеро в окрестностях п. Кубово.,п.,посёлок
Озеро в окрестностях п. Кубово.,п.,посёлок
Озеро в окрестностях п. Кубово.,п.,посёлок
Озеро в окрестностях п. Кубово.,п.,посёлок
Озеро в окрестностях п. Кубово.,п.,посёлок
Озеро в окрестностях д. Виданы.,д.,деревня
Озеро в окрестностях г. Кондопога.,г.,город
"Озеро в окрестностях г. Кондопога, чуть восточнее. На карте обозначено как оз. Бол. Ровкозеро.",г.,город
"Озеро в д. Нигижма. Озеро, на берегу которого д. Нигижма и п. Красный Бор прокопан канал в р. Черная. -Дер. в Негижме на Урмо-озерки у часовни, а ныне в той деревне поставлена ново церковь Рождество пречистые. -Дер. в Негижме на Урмо-озере словет Олексеевская -Дер. В Негижме на Урмо-озерке Корчагинская [ПКОП 1563, с 181]",п.,посёлок
"Озеро в Горной Даче, одно из трех Корехозер, между Северным и Южным. Длина 800 м., ширина 150 м.",м.,метров
"Озеро в Горной Даче, одно из трех Корехозер, между Северным и Южным. Длина 800 м., ширина 150 м.",м.,метров
"Озеро в басс. р. Новгуда. Озеро на лев. берегу р. Илекса, через озеро протекает р. Новгуда.",р.,река
"Озеро в 4,5 км к северу от с. Шуньга, у д. Ажебнаволок, длиной 300-400 м.",м.,метров
"Озеро в 4 км. от с. Нюхча. Вокруг озера болото, поросшее болотным сосняком, изредка встречается ель, лиственных пород нет, берега торфяные, но достаточно высокие, средняя глубинга 2 м., дно чистое, от берега песчаное, корг нет.",м.,метров
"Озеро в 4 км. от д. Суйсарь по Ялгубской дороге, в 300 м. южнее дороги.",м.,метров
"Озеро в 2 км на северо-запад от д. Тавойгора. Диаметр примерно 150 м. Называется так из-за того, что никто не смог измерить глубину озера.",м.,метров
"Озеро в 18 км. от Пондалы в сторону Шимозера, исток р. Иводы.",р.,река
"Озеро в 1 км от д. Заозерье, исток ручья Хараручей в р. Хабанзю. На берегу был кожевенный завод.",р.,река
Озеро в 1 км на север от с. Шуньга.,с.,село
"Озеро (ламба) Кельелампирасположено в поселении Kiislahti. На западе от озера находится гора Наапаламменмяки, а на востоке - г. Мустамяки.",г.,город
Озеро (бассейн р. Усланка) у д. Ташкеницы. Русское название Ташкенское.,д.,деревня
"Озеро (басс. р. Шолы), длиной в 1 км., шириной 300 м., у хутора Seliš, из него вытекает ручей Ignatoja в р. Шолу.",м.,метров
"Озеро (басс. р. Иводы) по направлению к дер. Куя, из него течет ручей Šar'jaoja в р. Иводу.",р.,река
"Озеро (басс. р. Водла), исток руч. Черный в р. Черева (д. Заволочье).",р.,река
"Озеро (басс. р. Водла), исток руч. Бабий в оз. Бол. Салмозеро. Озеро (басс. р. Корба), стекает по ручью в оз. Салмозеро. Озеро, севернее оз. Салмозеро, соединяется с ним.",р.,река
"Озеро (басс. р. Водла), исток р. Лейбушка.",р.,река
"Озеро (басс. р. Водла), в кот. с востока впадает р. Устрека, на зап. вытекает р. Пизьма. По озеру угодья д. Еремеевская (Салмозеро) информатор связывает название с тем, что озеро сильно заросло и на нем гнездятся гуси. Озеро (басс. р. Корба), расположено ниже Салмозера, из озера вытекает р. Пизьма (так называется нижнее течение р. Корба). Озеро (басс. р. Водла), через кот. протекает р. Пизьма, вытекающая из оз. Салмозеро.",р.,река
Озеро (басс. р. Водла) у р. Матсара.,р.,река
"Озерко, в котором мочили лен у д. Шокша.",д.,деревня
"Озерко, в котором мочили лен у д. Шокша.",д.,деревня
Озерко у с. Георгиевское.,с.,село
"оз., соединенное протокой с р. Huškalanjogi, южнее оз. Пейзиярви",р.,река
"Одна из полян, расположенных в 100 м от южной оконечности д. Саньки.",д.,деревня
"Один из Антиповских островов, 500 м. в длину и 200 м. в ширину. Находится в оз.Космозеро в 150 м восточнее Большого Антиповского (Поповского) острова.",м.,метров
"Один из Антиповских островов, 500 м. в длину и 200 м. в ширину. Находится в оз.Космозеро в 150 м восточнее Большого Антиповского (Поповского) острова.",м.,метров
"Один из Антиповских островов, 500 м. в длину и 200 м. в ширину. Находится в оз.Космозеро в 150 м восточнее Большого Антиповского (Поповского) острова.",м.,метров
"Один из Антиповских островов в Космозере. 1,5 км в длину и 350 м. в ширину. о. Сильный [ТК]",о.,остров
"общее название для двух островных деревень на одноименном озере: Большой Остров / карел. Tobd’suor’ или Tobd’kylä (-kylä ‘деревня’) и Малый Остров / карел. Pien’suor’ (Pien’kylä). Поселение имеет древнюю историю, в ПКОП 1563 г. в его составе отмечены три деревни.",г.,год
"общее название для двух островных деревень на одноименном озере: Большой Остров / карел. Tobd’suor’ или Tobd’kylä (-kylä ‘деревня’) и Малый Остров / карел. Pien’suor’ (Pien’kylä). Поселение имеет древнюю историю, в ПКОП 1563 г. в его составе отмечены три деревни.",г.,год
"Общее название группы островов у северного берега о. Шуйостров, вокруг Бережной Долгой Луды.",о.,остров
"Нитти - осушенное болото, находящееся в окрестностях с. Крошнозеро. Sie on kuivattu suo, i sie kazvatettih kartohkua da heiniä... konzu oli souhozu, sinne käydih heiniä varustamah. Nu a kun vie kuivattu ei olluh, vahnat rahvahat Nittih hyviä heinykohtua ei annettih heile. Suol sie niitettih heiniä omil lehmil. Sinne on 7 km. Nitinsuo on ylen suuri.",с.,село
"ниже ж/д моста, в 300 м. Здесь же остров Леветь.",м.,метров
"Несколько островов к юго-востоку от деревни, к югу от м. Камень",м.,мыс
"несколько деревень при оз. Сидозеро (Анцыферовская, Яковлевская, Вавшуковская), населенные, согласно СНМ 1873 г., карелами, однако карельские соответствия официальных русских наименований не зафиксированы",г.,год
"Небольшой, узкий по форме, мыс Белого моря напротив о. Столбиха, следующий к югу за м. Толстик. На мысе много змей.",о.,остров
"Небольшой ручей, впадает в Белое море у г. Яковлевская",г.,гора
"Небольшой ручей, берет начало на болоте к востоку от с. Нюхча, впадает в Белое море в Саруцкую губу. Этот ручей был границей с/х угодий с. Нюхча и д. Унежма.",с.,село
Небольшой плоский остров между о. Мягостров и о. Голый Сосновец. Имеет навигационное значение – морской путь проходит мористее Девичьей Луды.,о.,остров
Небольшой островок между о.Тумище и о. Молчанов.,о.,остров
Небольшой островок между материком и о. Медвежий (на карте не видно). На острове кузнец Бажёнов деньги спрятал.,о.,остров
Небольшой островок в Белом море рядом с о. Горелый Большой,о.,остров
Небольшой остров к северу от Канзанаволока. Остров к ю/з от о. Колгостров.,о.,остров
Небольшой остров в Белом море у о. Большой Ревяжий.,о.,остров
небольшой остров Белого моря к югу от деревни между о. Большим и о. Кокков 2-м,о.,остров
Небольшой мысок Сумозера у д. Ёндогуба.,д.,деревня
"Небольшой мысок к северу от деревни Гридино, в 1 км от м. Кирбей на север",м.,мыс
"Небольшой мыс к северу от деревни, в 1 км от м. Кирбей на север",м.,мыс
"Небольшой каменистый мыс на западе от д. Кевятозеро (на противоположном берегу), недалеко от болота Kohtašuo и мыса Jütanniemi.",деревня,деревня
"Небольшой залив напротив д. Машозеро. Здесь песчаный берег, когда-то были поля, на которых сеяли хлеб.",д.,деревня
Небольшой залив Белого моря под г. Гурьи.,г.,гора
"Небольшое узкое по форме озеро в 1 км к югу от деревни, за ним находится о. Виловатое. Соединено ручьем с Виловатой губой",о.,озеро
Небольшое озеро к северо-западу от с. Нюхча. Находится рядом с зимником. карта: Самоедское,с.,село
"Небольшое озеро к северо-западу от с. Нюхча, за Руйгозером. Соединено ручьем с Бол. Вирандозером. Подходит к краю Вирандозерского мха.",с.,село
"Небольшое озеро к западу от д. Ёндогуба, через него протекает р. Ёнга.",д.,деревня
Небольшое озеро в районе с. Нюхча. карта: Майозеро,с.,село
Небольшое озеро в районе д. Лапино.,д.,деревня
"небольшое озеро в районе д. Ёндогуба. из него течёт Мегручей, в нём ловится мелкая рыба.",д.,деревня
"Небольшое оз. возле оз. Valgeijärvi в 3-4 км от дер., исток р. Suojogi - левый приток ручья Папиноя. Заболоченные побережья, особенно южный берег озера и берега ручья Suojogi.",р.,река
Небольшое картофельное поле на личном подворье Мухоровых. Разработано 15 лет назад в 2009 г. Федором Овчинниковым.,г.,год
Небольшие острова в Белом море к юго-востоку от г. Кемь.,г.,город
Небольшая лудушка в Белом море в районе г. Кемь.,г.,город
Небольшая луда-островок у о. Малый Жужмуй.,о.,остров
"Небольшая ламбука в 700 м. от дер. Репное озеро к северу, недалеко от оз. Тюрюмюзярви.",м.,метров
"Небольшая заводь, ограждённая искусственно созданным валом из камней в р-не ур. Ленинградка на о. Мягостров. Использовалась для защиты колхозных лодок от шторма.",о.,остров
Небольшая горка в бору Бревенник в районе с. Нюхча.,с.,село
Небольшая возвышенность на болоте у г. Сеннуха,г.,гора
"Небольшая возвышенность к северу от с. Нюхча, недалеко от тракта.",с.,село
находится в 100 км от г. Петрозаводска,г.,город
находится в 100 км от г. Петрозаводска,г.,город
Населенный пункт у п. Онежский.,п.,посёлок
"Нас. пункт, входящий в черту г. Пудож.",г.,город
наволок о. Керети,о.,озеро
Наволок в северо-восточной части о. Кижи.,о.,остров
"на востоке Ладожского озера, северная оконечность о. Сало",о.,остров
"Мыс, небольшой полуострво на восточном берегу оз. Путкозера, к северо-западу от д. Коровниково, трапециевидной формы",д.,деревня
Мыс Hulkonniemi омывается зал. Hulkonlahti. Расположен на о. Тамханка.,о.,остров
Мыс р. Шуя в районе Шуерецкого.,р.,река
Мыс р. Сумы в районе д. Воренжа.,р.,река
Мыс р. Кемь.,р.,река
Мыс р. Кемь.,р.,река
"Мыс при проливе Салосамском, в 7 верстах от погоста Толвуйского. На мысу часовня во имя преп. Зосимы и Савватия. По преданию здесь преп. Савватий отдыхал в 1429 г. во время пути в Соловки, и отсюда впоследствие преп. Зосима отправился на Соловецкие острова [Толвуйский приход Петрозаводского уезда. ОГВ, 1891, № 81, с.822].",г.,год
"мыс оз. сумозера на о. Сумострове, на нём сосновый лес. Находится на противоположной от деревни стороне острова.",о.,остров
"Мыс о. Большой Климецкий на Онежском озере, в районе д. Конда.",о.,остров
Мыс о. Бол. Жужмуй,о.,остров
"Мыс на южн. берегу о. Мягостров. Выход скальных пород. Ветер, который дует со стороны Красной Щельи, называется сток или рыбный - рыбу приносит.",о.,остров
"Мыс на ю/в стороне о. Сало (оз. Ведлозеро). На этом мысу растут осины, отсюда и название.",о.,остров
"Мыс на ю/в берегу о. Еглов, напротив деревни. Примыкает к мысу Маймас. Низкое место.",о.,остров
"Мыс на севере п-ова Куднаволок, находится западнее п-ова Варнаволок. Длина примерно 500 м.",м.,метров
Мыс на сев. оконечности о. Еглов.,о.,остров
"Мыс на р. Миге, на нем одноименное угодье д. Пяшница.",р.,река
"Мыс на р. Кемь, выше Северенского порога. Здесь были установлены заборы для вылова сига. Привязка к карте м.б. не является точной, ландшафт изменился из-за поднятия воды для ГЭС.",р.,река
"Мыс на р. Андога, угодье на нем.",р.,река
Мыс на р. Андога в окрестностях д. Олькино. На нем одноименный покос.,р.,река
Мыс на о. Корга.,о.,остров
Мыс на о. Канзанаволок.,о.,остров
Мыс на о. Бол. Жужмуй.,о.,остров
Мыс на о. Бол. Жужмуй,о.,остров
Мыс на о. Бол. Жужмуй,о.,остров
Мыс на крутом берегу р. Журавка или Ольховица (окрестности г. Пудож).,г.,город
Мыс на западном берегу озера Вашозера. К западу от о. Морозова.,о.,остров
"Мыс на зап. берегу Климецкого о-ва, к югу от деревни. Напротив о. Грыз.",о.,остров
"Мыс на вост. берегу о. Мягостров. Построена изба в конце 1990-х гг. Синицыным Александром Васильевичем, жителем с. Колежма. Личная тоня.",о.,остров
"Мыс за с. Сухое. Там стояли амбары, где разбирали рыбу.",с.,село
"Мыс в южной части о. Сало (оз. Ведлозеро). Здесь очень хороший пляж (песок). Раньше был очень густой лес, затем его вырубили.",о.,остров
"Мыс в сев. части оз. Ведлозеро (также к нему относятся 3 островка). В 1941 г. сюда привезли 10 тыс. кубометров дров - березу (чурки по 2 - 2,5 м). Началась война и дрова остались в воде. Во время войны финны распилили часть чурок на дрова, но большая часть осталась в озере. И до сих пор дрова крепкие, не сгнили.",г.,год
Мыс в Онежском озере у п. Онежский.,п.,посёлок
"Мыс в оз. Лижмозеро, находящийся на восточном берегу о. Большой.",о.,остров
Мыс в западной части о. Большой Леликовский на Онежском озере.,о.,остров
"Мыс в западной части о. Бол. Леликовский, на Онежском озере.",о.,остров
"Мыс в западной части о. Бол. Леликовский, на Онежском озере.",о.,остров
Мыс Белого моря. Напротив него о. Хедостров.,о.,остров
Мыс Белого моря в районе с. Нюхча,с.,село
Мыс Белого моря в районе г. Кемь,г.,город
"Мох в 10 км на запад от д.Юсова Гора. Пожни. Болото на запад от Кузарнды, в истоке р. Тамбицы, у хутора Бураки. Рядом покосы.",р.,река
Морской залив к северу от Колежмы. Старинная наважья тоня. С 1930 г. и по настоящее время (2021 г.) – один из основных промысловых участков колхоза «Заря Севера» и ИП с. Колежма,г.,год
"Место у Камня на о. Кижи, напротив магазина у д. Ямка.",о.,остров
Место на о. Фокенсуари в оз. Сямозеро,о.,остров
"Место за железной дорогой, у старого русла реки, в лес от канала 300 м. Там высокая скала, поля с глинистой землей. Когда-то камень взрывали. Сейчас дачи.",м.,метров
"Место в окрестностях д. Борково, туда за грибами ходили.",д.,деревня
Место в 100 м. от реки Шуи (левая сторона). В этом месте когда-то жило два монаха в келье. Рядом были кресты поставлены. Этих монахов убили. Привязка к карте м.б. не совсем точной.,м.,метров
Местность в 4 км от д. Колово в сторону г. Пудож. Раньше был кирпичный завод.,г.,город
Местечко между д. погост и д. Рубцова (Салмозеро).,д.,деревня
Мельница в д. Шелтозеро.,д.,деревня
Мель на р. Мига у д. Пяшница.,р.,река
"Мелкий и пересыхающий залив Белого моря, находящийся напротив о. Кабатов",о.,остров
Маяк на о. Тит-Луда. Перестал работать в конце 1990-х гг. Деревянная вышка маяка служила хорошим ориентиром мореплавателям до лета 2021 г. (разрушена штормом). Название Титлуда не использовалось местными жителями. На острове колония большого баклана.,г.,год
Маленький островок у южной оконечности о. Еглов.,о.,остров
"Маленький островок к вост. от о. Канзанаволок, между о. Канзанаволок и о. Марьестров.",о.,остров
"Маленький островок (как мякушка) на Онежском озере, за северной оконечностью полуострова Клим, рядом с о. Салоостров.",о.,остров
"Маленькие островки в Уницкой губе, между о. Пуростровом и о. Кокой.",о.,остров
Луды в Белом море в районе с. Поньгома,с.,село
"Луда, место рыбалки в Онежском озере у п. Онежский.",п.,посёлок
"Луда, место рыбалки в Онежском озере у п. Онежский.",п.,посёлок
"Луда у о. Сосновец, в 500 м. на с/в от деревни.",м.,метров
Луда на восток от о. Кижи.,о.,остров
"Луда в святухе, в 150 м. на ю/з от острова Острадний.",м.,метров
"Луда в Онежском озере у п-ова куднаволок, примерно в 200-300 м на с. - с.-в.",с.,село
Луда в оз. Карниж у д. Нюхово.,д.,деревня
"Луда в Кефтеньгубе, напротив д. Кефтеницы.",д.,деревня
"Луда в Белом море к северо-востоку от с. Нюхча. На ней стоял крест, который предупреждал об опасности, поскольку в большую воду её не видно и можно было попасть на скалу.",с.,село
"Луда в Белом море к северо-востоку от с. Нюхча. На ней стоял крест, который предупреждал об опасности, поскольку в большую воду её не видно и можно было попасть на скалу.",с.,село
"Луда в Белом море к северо-востоку от с. Нюхча. Луда поросла кустарником, который придает луде зеленый оттенок издали.",с.,село
Луда в Белом море к востоку от с. Колежма. Карт. о. Мал. Кузьмин,о.,остров
Луг/пожня д. Юргилицы.,д.,деревня
Лесоучасток в 7 км от п. Колово.,п.,посёлок
Лесные урочища в районе д. Новиково.,д.,деревня
"Лесное урочище по дороге из д. Водла в д. Падун, в районе горы Крутая бывш. нивы.",д.,деревня
"Лесное урочище по дороге из д. Водла в д. Падун, в районе горы Крутая бывш. нивы.",д.,деревня
"Лесное урочище по дороге в с. Кубово. Полянки к сев. от д. Сума. Пахотное угодье на лев. берегу р. Сума, по дороге в д. Кубово.",с.,село
"Лесное озеро на левом берегу р. Колоды, против устья р. Калма, соединяется с оз. Бол. Вирозеро ручьем Вироручей.",р.,река
"Лесное озеро на левом берегу р. Колоды, против устья р. Калма, соединяется с оз. Бол. Вирозеро ручьем Вироручей.",р.,река
Лесная ламбина возле г. Hietamäki.,г.,гора
"Лесистый и небольшой мыс, находится напротив Избяной луды, не доезжая до м. Гиблова со стороны деревни",м.,мыс
"Лес у с. Шелтозеро, тут пасли коров.",с.,село
Лес у п. Онежский.,п.,посёлок
Лес п. Онежский.,п.,посёлок
"Лес на западном берегу Доброй Губы,в 700 м. к ю/в от дер. Микково.",м.,метров
Лес д. Алексеево.,д.,деревня
левый приток р. Видлица,р.,река
левый приток р. Видлица,р.,река
Левый берег реки Нюхча в окрестностях с. Нюхча.,с.,село
"Ламба, находящаяся недалеко от с. Крошнозеро. Находится севернее оз. Кайдуярви.",с.,село
Ламба в районе д. Машозеро. Через него протекает р. Тунгуда. В оз. тянули невод в яме Alizentahkolamminhauda.,р.,река
Ламба в районе д. Кевятозеро.,д.,деревня
"Куст поселений на берегах одноименного озера, распол. в 22 км восточнее п. Кубово.",п.,посёлок
"Куст поселений (бывш. Нигижемская волость, с центром в д. Пречиста - Пречистинская церковь) в 4 км от Каршево: Погост, Подберезье, Алексеевская, Матвеевская, Гора Амозова, Гора Яковлева. Населенный пункт Каршевского с/совета, Пудожского района. -Дер. на рецы на Нежеме словет Ларивоновская -Дер. на Негижме -Дер. на Негижме на Урмо-озерки у часовни, а ныне в той деревне поставлена ново церковь Рожество пречистые -Дер. в Негижме же на Урмо-озере словет Олексеевская: Дорофейко Олексеев -Дер. на Негижме на Урмо-озерко Корчагинская [ПКОП 1563 г., с. 181]",г.,год
Крупный камень на побережье Белого моря в 3 верстах от дер. Колвица. Здесь была одноменная сельдяная тоня. В самом начале XX века эта территория входила в сферу хозяйственного использования жителей село Кандалакша. В 1900 г. колвичане получили от Кандалакши разрешение пользоваться р. Колвицей и сельдяными тонями до Синего камня (Никольский 1927: 155).,г.,год
"Крупные поля жителей с. Нюхча под г. Игнашиха. Низкое место, была проведена мелиорация, канавы прокопаны.",г.,гора
"Крупные поля жителей с. Нюхча под г. Игнашиха. Низкое место, была проведена мелиорация, канавы прокопаны.",г.,гора
Крупное озеро к востоку от д. Лапино (далеко).,д.,деревня
"Крест в 4 км от Толвуйского Погоста, на зимней дороге в Падмозеро. Построен в 1650 г. Строитель - некто Евдоким. Он укрывался в том месте под толстым деревом, избегая рекрутского набора. Он дал обет построить часовенку и крест в случае избавления от поимщиков, что и исполнил. Крест этот до настоящего времени называется Евдокимовым крестом. [Толвуйский приход // ОГВ, 1891, № 81].",г.,год
Корги в 200 м. от острова Пучеха. Затопляются водой.,м.,метров
Колхозная изба между м. Белужий и ур. Ленинградка на о. Мягостров.,м.,мыс
Колодец д. Сенькино.,д.,деревня
Колодец в д. Papimposad. (в составе с. Шолтозеро),с.,село
"Кладбище, находящееся на противоположном берегу озера Гомсельга от д. Гомсельга.",д.,деревня
"Кладбище жителей Кутка, под г. Малая Игнашиха. Привязка к карте не является точной.",г.,гора
"Кладбище в 2-3 км. от с. Нюхча за Виручьем. Здесь были похоронены люди, которые умерли от холеры в 1914 году.",с.,село
Канава от д. Пяшница к р. Миге.,р.,река
Камень в р. Нюхча ниже по течению от с. Нюхча. Здесь когда-то утонул мужчина.,р.,река
Камень в р. Нюхча в Нижней Моршихиной Лахте.,р.,река
Камень в 800 м к ю.-з. от д. Загорье.,д.,деревня
"Каменная гряда, обнажающаяся в отлив. Тянется от о. Карпушка к берегу.",о.,остров
Каменистый мыс напротив о. Максимиха,о.,остров
Каменистая отмель у о. Сеннуха.,о.,остров
Каменистая отмель на юге о. Мягостров.,о.,остров
Каменистая отмель на юге о. Мягостров.,о.,остров
Каменистая отмель (остров) от Слободы до Гайжево. Используется также как второе название Слободы (часть г. Кемь),г.,город
"Кайдуярви - озеро, находящееся недалеко от с. Крошнозеро, восточнее оз. Крошнозеро, севернее оз. Шогарви. Sinne suvaittih kävvä... perehen kel da sizäret.",с.,село
"к северу от г. Сортавалы, близ реки Каранкооя",г.,город
к северо-западу от г. Питкяранта,г.,город
к северо-западу от г. Питкяранта,г.,город
"Искусственно набранная коса из валунов, защищающая заводь (Озёрко) от волн с открытого моря в р-не ур. Ленинградка на о. Мягостров.",о.,остров
Индола у г. Ценжала (Ченжала).,г.,гора
Значительная губа Белого моря к северо-востоку от деревни Калгалакша со множеством островов и луд. Находится между материком и о. Оленим,о.,остров
"Зимняя дорога из Кеми в д. Летняя Река, от г. Горелиха на север.",г.,гора
Зимняя дорога в г. Кемь.,г.,город
Зимник на покосы к г. Рощелья.,г.,гора
"Земельное угодье бывшего Муромского монастыря. Пустошь, принадлежавшая Муромскому монастырю в 1582 г., выкашивали сена 20 копен.",г.,год
"Земельное угодье бывшего Муромского монастыря. Пустошь, принадлежавшая Муромскому монастырю в 1582 г., выкашивали сена 20 копен.",г.,год
Залив Hulkonlahti омывает с севера о. Тамханка и мыс Hulkonniemi. Граничит с прол. Келетинсалми.,о.,остров
"Залив Онежского озера в 8 км на с., с/з от д. Суйсарь.",с.,севере
Залив озера Кончезеро в районе д. Косалма.,д.,деревня
"Залив на р. Водла, вверх по реке от д. Водла.",р.,река
Залив на Онежском озере у п. Онежский.,п.,посёлок
Залив на оз. Водлозеро у д. Кевасалма.,д.,деревня
Залив на зап. берегу о. Колгостров.,о.,остров
"Залив Ладожского озера, через него мост, объединяющий разные районы г. Сортавала. Переходит на юге в залив Läppäjärvi. Короткой протокой Vakkosalmi соединяется с оз. Airanne.",г.,город
Залив в юго-вост. части о. Кижи (где ныне д. Сергеева). Воробьяне там всё приставали.,о.,остров
Залив в Уницкой губе у о. Куткостров.,о.,остров
Залив в оз. Лижмозеро к юго-востоку от о. Синягостров.,о.,остров
"Залив в вост. части о. Сало (оз. Ведлозеро). Это место имеет открытое пространство, отсюда и название.",о.,остров
"Залив Белого моря к западу от г. Кандалакша, в которую впадает река Кандарека.",г.,город
"Залив Белого моря в районе с. Нюхча. Это западная часть Саруцкой губы, от мыса Кустов наволок до Варничного наволока.",с.,село
зал. Перттилахти расположен восточнее г. Мустамяки (высота 61.2),г.,гора
Закол на р. Кемь из-под Заборного порога. Ставится заводь к Тюрюкаллиеву. Привязка к карте не является точной.,р.,река
"Загубина расположена на западном берегу Матгубы, напротив г. Кондопога.",г.,город
Загубина р. Шуя. Привязка к карте м.б. не совсем точной.,р.,река
Загубина на р. Сумарека.,р.,река
загубина (песчаный берег) оз. сумзера на о. Сумостров. Раньше здесь купались только женщины. Здесь купаются жители деревни.,о.,остров
"Заводь в оз. Ухтомьярское, рядом с о. Шубач, Катька утонула.",о.,остров
"Забор для ловли мелкой рыбы, над Боярской губой с островками у о. Пухкила (Пуккила). Привязка к карте м.б. не совсем точной.",о.,остров
"Забор для ловли мелкой рыбы у о. Гусинец, с летней стороны, ниже и ближе к нему. Привязка к карте м.б. не совсем точной.",о.,остров
"Дорога, ведущая от г. Пудож до п. Кодачи.",п.,посёлок
"Дорога, ведущая на пристань к Онежскому озеру у с. Шелтозера.",с.,село
Дорога на р. Шолу и далее в дер. Мартыновское (Лошны).,р.,река
Дорога в г. Пудож.,г.,город
Дом в д. Сеерный Конец.,д.,деревня
Дом в д. Пряккиля. Старый дом 1927 г.,г.,год
Дом в д. Гижино.,д.,деревня
"Длинные, далеко вдающиеся в море низменные полуострова в сев.-зап. части о. Мягостров. Солончаковые луга. Высокие приливы и ветровые нагоны могут их затапливать.",о.,остров
"Деревня. библиотека, Vas'ke - Sen'kalankodi (Абрамов), Makarie (Trubetskoi), Makarie (Антипин), sluuži Kemissä, Iivana (Trubetskoi), Vas'ke (Antipinantalo), богатый, 2 этажа, хозяин арестован. Seppä-Iivana (Абрамов), Prokon (Антипин), Hodora-emändä (Антипин), rikkaudu talo oli. Papinkodi Saša (Rinsin) Александр Рынцын, председатель, Miihkali (Полиектов Михаил Андреевич), Hočolankodi (Филиппов), Miču (Дмитрий), Luškovantalo (Лужков) - venäläini, Vas'ke - velli (karjalaini), Fed'an Ulli (Полиектова), Hodorankodi (Ананьин), Saška (Александр) (Ананьин), Marfa (Ананьин), Dyrgi, Levonkodi (Яковлев). Kolmičči palo kylä, jäi vai kirikkö da popovskoi škola. Venehet niis palettih. Nittoh pienie kodiloi stroittih. Pappi vuidi ymbäri pyörähti rissin kera. Hyö sohraniuvuttih. Второй ряд домов: Juakko (Кондратьев), lapset: Načči, Ol'oksei (Полиектов) - Алексей Федорович (моряком был, в Норвегию ходил. За одно лето зарабатывали на корову, лошадь и дом могли построить), lapset: Mika, Iibu (1 kuoli), Fedka (1 kuoli), Anni, Antista(Анфиса), Liiska Fed'a (Гаврилов), pojat: Fedän Ser'o, Ol'oksei (арестован), Muarie (Нечаева) D'yrgi (Егор) погиб на войне (Кондратьев), Kirilä (Пабуев), pojat: Mika da Lari - погиб на войне. Petra (Петр) (Савин), Saša (Александр) (Амосов), Iinakonkodi - Arka (Аркадий) (Пабуев), Griiša (Артемьев), Odr'ouna, Mikkula (Полиектов) арестован был судьей в Кеми 37 г., Iivana (Иван Кузьмич) (Полиектов), Paško da Miikula (арестован) - братья (Абрамов), Laukka, Mokki-tuatto, Simana-poiga (Антипин), papinškola kirikkö, pantih petazet (первые жители ловили птицу), kirikkö oli toizessa pakassa ... (?), tuldih švedat, poltettih da upotettih kellot. Ojan rannalla oli kirikkö. Melliččy - Haugipohjanoja.",г.,год
"Деревня, расположенная у юго-восточного края о. Карасозеро.",о.,озеро
"Деревня, расположенная к ю.-з. от с. Шуньга, за озером Валгомозеро.",с.,село
"Деревня, расположенная к с.-з. от с. Шуньга.",с.,село
Деревня севернее с. Ведлозеро,с.,село
Деревня при впадении р. Колода в р. Водла.,р.,река
"Деревня недалеко от г. Пудож, рядом с д. Левино.",г.,деревня
Деревня находится в 12 км к северо-западу от г. Питкяранта,г.,город
Деревня находится в 12 км к северо-западу от г. Питкяранта,г.,город
Деревня на ю/з от с. Ивановское.,с.,село
Деревня на сев. от с. Георгиевское.,с.,село
"Деревня на р. Рагнукса, в 33 км от г. Пудож, 592 жителя, входила в Авдеевский сельсовет.",р.,река
Деревня на р. Водла в 24 км от г. Пудож.,г.,город
"Деревня на правом берегу Кеми, в 5 км от истока: 1864 г. вся выгорела, была в 2 раза больше, чем потом, когда отстроилась вновь. Самая большая деревня в округе, поэтому называлась Великий Двор",г.,год
деревня на о. Кухка,о.,остров
деревня на о. Кухка,о.,остров
"деревня на левом берегу р. Важинки, между Согинским Погостом и с. Важины.",с.,село
"деревня на левом берегу р. Важинки, между Согинским Погостом и с. Важины",р.,река
"Деревня на изгибе р. Водла, недалеко от г. Пудож.",г.,город
"Деревня и ручей в 8 км от с. Шелтозеро, там покосы д. D´er´emišt.",с.,село
"деревня возле одноименной горы на берегу р. Videlend’ogi, рус. Железная гора – СНМ 1905 № 868, СНМ 1926 № 1738, СНМ 1933 № 1220",р.,река
"Деревня вблизи г. Пудож, на берегу р. Водла.",г.,город
"деревня в составе с. Янишполе , на берегу Сунозера",с.,село
деревня в составе с. Шуя,с.,село
Деревня в составе с. Шимозеро.,с.,село
Деревня в составе с. Шимозеро.,с.,село
Деревня в составе с. Шимозеро.,с.,село
"Деревня в составе с. Песчаное, в северном конце. Была часовня, ветряная мельница, ок 30 домов. Песок брали на берегу Онежского озера, глину копали на г. Коньюха. Жен брали из Кузаранды, Беляевщины, Тубозера. Колхоз Третий решающий год пятилетки. Фамилии жителей: Ореховы, Федоровы, Царевы, Лушины, Корешковы, Староверовы, Танины, Кузины, Зайцевы, Мугачевы, Катковы, Делесины/Гелесины, Курочкины, Гладышевы.",г.,гора
"деревня в составе с. Заозерье, на мысу оз. Логмозеро",с.,село
деревня в составе с. Виданы,с.,село
деревня в составе с. Виданы,с.,село
Деревня в составе с. Ведлозеро,с.,село
Деревня в составе Панинского сельсовета. 74 хозяйства до войны 238 человек в 1939 г. Колхоз Красная звезда Родина Восход. Концы деревни: Ганичев Край Гришкино Поляково. Раньше было 8 колодцев сейчас 3. В воде извести много. Фамилии жителей: Афанасьевы Богдановы Филипповы Ганичевы Поляковы Соловьевы Таничевы Николаевы и др.,г.,год
Деревня в 3 км от г. Пудож.,г.,город
Деревня в 15 км от с. Шимозеро.,с.,село
"Деревня (бывшая) на острове Бол. Леликовский, расположена у моста ведущего на о. Мал. Леликовский. Место на Бол. Леликовском острове, где жили кожевенник Нисканен, а затем Раутинен",о.,остров
"Деревня (бывш.) на ю/в берегу оз. Водлозеро, на берегу Чуяльской Лахты до войны ок. 20 хозяйств к/з XVII партсъезд - 1934 г. Деревня на вост. берегу оз. Водлозеро, в 8 км от Куганаволока.",г.,год
"Деревня (бывш.) на мысу, на зап. берегу оз. Водлозеро. До 1952 г. было ок. 20 дворов к/х Красный Кустарь. Деревня по дороге в д. Гольницы, в 12 км.",г.,год
"Деревня (бывш.) на берегу оз. Куккозеро. Раньше было 30 домов, школа, которая открылась после войны в 1946 г. В ней работали 2 учителя, учились 42 ученика. Ходили из д. Юргилица пешком 6 км. 'Смолу не заготавливали. Кому нужна была для хозяйственных нужд смола, лодку просмолить, гнали смолу из, например, смолистые пни выкапывали в лесу, уже выкорчеванное дерево, значит было. Пни смолистые. Вот эти пни, я помню, собирали. Потом, такое устройство было, я помню, мой отец, покойный, делал. Бочка такая, он там их сжигал, потом такое отверстие было, как бы канатка, и здесь ведро для смолы. А эти поленья смолистые горели в бочке, они растапливались, смола вытекала с нихи попадала сюда с канатки в ведро. Домашним способомтак гнали. Это была настоящая, натуральная смола.'",г.,год
"дер. по обоим берегам р. Mägriänjogi, тянется почти до самого г. Олонца",г.,город
"дер. по обоим берегам р. Mägriänjogi, тянется почти до самого г. Олонца",г.,город
дер. на берегу р. Tuulosjogi,р.,река
"дер. на берегу р. Mägriänjogi, = Rižu, Rižunhieru, Rižoilu, рус. Рыжула – СНМ 1905 № 989, Рижула, Рижул – СНМ 1926 № 2049, Рижула – СНМ 1933 № 1535",р.,река
Две небольшие возвышенности к северо-востоку от с. Нюхча на Подсюрежном болоте. Карта - г. Бессмертная карта: г. Бессмертная,г.,гора
Две небольшие возвышенности к северо-востоку от с. Нюхча на Подсюрежном болоте. Карта - г. Бессмертная карта: г. Бессмертная,г.,гора
"два острова шириной в 70 м, один длиной 300 м., другой 120 м. расположены в губе Святуха против деревни.",м.,метров
"Два острова в южной части архипелага Уйма, отделены проливом от о. Габостров.",о.,остров
"Два острова в южной части архипелага Уйма, отделены проливом от о. Габостров.",о.,остров
"Два острова в востчной части оз.Кемское, против залива Грязина, сухие, без деревьев один больше (150 м. Х 50 м.) другого.",м.,метров
Два озера в окрестностях п. Кубово.,п.,посёлок
Два недалеко отстоящих друг от друга каменистых мыса на берегу пролива Железные Ворота напротив сев. оконечности о. Берёзовец.,о.,остров
"Губа, 800 м на восток от д. Усть-Яндома.",д.,деревня
"Губа Онежского озера в южной части о. Большой Климецкий, между мысами Карнешнаволок и Мутолокша.",о.,остров
"Губа на восточном берегу Святухи, тянущаяся с юга на север примерно на 300-400 м.",м.,метров
"Губа к северо-западу от д. Саньки, в 300 м.",м.,метров
"Губа к северо-западу от д. Саньки, в 150 м., отделяется от Галайгубы узким полуостровом.",м.,метров
Губа в южной части о. Ерницкий.,о.,остров
Губа в северной части о. Ерницкий на Онежском озере.,о.,остров
Губа в Онежском озере напротив п. Онежский.,п.,посёлок
"Губа в Кондопожской губе Онежского озера, севернее о. Ламп (Ламбасостров), в окрестностях д. Тулгуба.",о.,остров
"Группа островов к северо-западу от о. Соколий, в окрестностях д. Тулгуба. Соколий пахали, покосы были.",о.,остров
"Группа небольших островов (луд) в Белом море к востоку от хутора Руйга, к северо-востоку от с. Нюхча. Острова каменистые, леса мало, растут только карликовые деревья, местами травянистые.",с.,село
Грибное место у п. Онежский.,п.,посёлок
Горушка у р. Колода. Поляна пахотная,р.,река
"Гора, расположенная у дороги, ведущей в д. Вахтозеро, в 3 км от Спасской Губы.",д.,деревня
"Гора, на которой стоит д. Syrd´.",д.,деревня
"Гора у с. Урицкое, в сторону лесоучастка Мирный, высота 151,5.",с.,село
Гора Пиен-Тавонмяки находится в поселении Karmala севернее г. Коркеамяки.,г.,гора
Гора п. Онежский.,п.,посёлок
Гора около д. Крестная Гора.,д.,деревня
"Гора на о. Мягостров, самая высокая и приметная на острове. Покрыта горелым лесом. На склонах и у подножия горы раньше действительно встречалось много змей (гадюк). Лес на горе и ее склонах полностью выгорел в августе 2010 г. после удара молнии вершину",г.,год
Гора на дороге из д. Конец-Мондра в п. Мельница.,п.,посёлок
"Гора на востоке от д. Кевятозеро. На ней находится оз. Молчанка. Название дано потому, что во время рыбной ловли здесь нельзя произносить ни слова, иначе не будет улова.",д.,деревня
"Гора на берегу Сумозера у входа в Крестовскую губу. Гора высокая - 131,5 м.",м.,метров
"Гора на берегу р. Нётома, высотой 20 м.",м.,метров
Гора в с. Шуньга на западном берегу Путкозера. Раньше там добывали шуньгит.,с.,село
"Гора близ дер. Большие Горы. Южный склон горы д. Большие Горы высотой 79,5 м.",м.,метров
"Гора близ дер. Большие Горы. Южный склон горы д. Большие Горы высотой 79,5 м.",м.,метров
"Глухое озеро на полпути от д. Вама к д. Вавдиполе, в 2 км от Вамы. Озеро по дороге от д. Вама к Водлозеру, имеет сток в р. Вама.",д.,деревня
"Глухое озеро на полпути от д. Вама к д. Вавдиполе, в 2 км от Вамы. Озеро по дороге от д. Вама к Водлозеру, имеет сток в р. Вама.",д.,деревня
"Глубокое место на Ванчозере, глубина примерно 8 м. Яма тянется вдоль всего озера, отсюда и название.",м.,метров
"Гладкая высокая скала, с которой виден г. Петрозаводск.",г.,город
"Вытянутое поле жителей с. Нюхча за Палащеельей, расположено вдоль зимника на возвышенном месте среди болота. Место сухое. Привязка к карте м.б. не совсем точной.",с.,село
Высокий остров в проливе Мягостровская Салма возле вост. берега о. Маникостров. Охотничья изба.,о.,остров
Высокая гора у оз. Лешозеро (исток р. Тонда).,р.,река
Высокая гора у оз. Лешозеро (исток р. Тонда).,р.,река
Высокая гора на север от с. Корбозеро.,с.,село
"Высокая гора на берегу р. Сума, против уроч. Долгий Берег.",р.,река
"Выдающийся узким полуостровом в море мыс на сев.-зап. берегу о. Мягостров. Отмечен триангулятом. Рядом - колхозная изба (перестроена, используется охотниками).",о.,остров
"Выдающийся узким полуостровом в море мыс на сев.-зап. берегу о. Мягостров. Отмечен триангулятом. Рядом - колхозная изба (перестроена, используется охотниками).",о.,остров
Выгон в окрестностях с. Нюхча. Ср. пролив Костроминка.,с.,село
Второй порог вверх по течению р. Охта между озерами Юлозеро и Муезеро. (Yläjärvi - Striiga - Ristikari - Ruogokari - Läpäkkä (Lepäkkö) - Joučenkoški - Muujärvi),р.,река
Впадина на западе д.Поля в 200 м.,м.,метров
восточнее г. Сурисельга,г.,гора
восточнее г. Сурисельга,г.,гора
восточнее г. Гамеген,г.,гора
"Возвышенный остров архипелага Борщёвцы (см. Бережной Борщёвец, Длинный Борщёвец). Две плоские, лишенные растительности вершины разделены глубокой седловиной, покрытой густым лесом. Удобная для стоянки осыхающая бухта с южной стороны. Колхозная изба, построенная в 1974 г. (до этого также были строения). С 2001 г. активно посещается туристами, построены гостевые домики. В годы ГУЛАГА лагерь на Мягострове, пекарня на Борщёвце. В «Песне о Колежме» (авторы Б. И. Печенкин, И. О. Отавин): «В острова Сосновцы и БорЩовые На моторках ходят рыбаки».",г.,год
"Возвышенный остров архипелага Борщёвцы (см. Бережной Борщёвец, Длинный Борщёвец). Две плоские, лишенные растительности вершины разделены глубокой седловиной, покрытой густым лесом. Удобная для стоянки осыхающая бухта с южной стороны. Колхозная изба, построенная в 1974 г. (до этого также были строения). С 2001 г. активно посещается туристами, построены гостевые домики. В годы ГУЛАГА лагерь на Мягострове, пекарня на Борщёвце. В «Песне о Колежме» (авторы Б. И. Печенкин, И. О. Отавин): «В острова Сосновцы и БорЩовые На моторках ходят рыбаки».",г.,год
"Возвышенность по тракту в районе с. Нюхча. Сосняк там, изредко попадается берёза.",с.,село
"Возвышенность по тракту в районе с. Нюхча. Сосняк там, изредко попадается берёза.",с.,село
"Возвышенность к северу от с. Нюхча, расположена у тракта. Возвышенность не очень высокая, место влажное, но не болотистое, местами каменистая, растет строевой лес (ель, сосна).",с.,село
"Возвышенность к северу от с. Нюхча, по левую сторону от Почтого Тракта. карта: г. Мал.Гандосельга см. Гандоселья",г.,гора
"Возвышенность к северу от с. Нюхча, по левую сторону от Почтового Тракта. карта: г. Мал. Гандосельга см. Большая Гандосельга",г.,гора
Возвышенность к северо-востоку от с. Нюхча. Дальше от моря чем Передняя Подомаревская гора. карта: г. Задние Подомаревы,г.,гора
"Возвышенность в районе с. Нюхча. Она не очень значительна по размеру, но достаточно крутая. карта: г. Юрка.",г.,гора
Возвышенность в районе с. Нюхча. Здесь в 1563 году была деревня.,с.,село
"Возвышенность в районе с. Нюхча. Видимо, то же, что г. Игнашиха.",г.,гора
Возвышенность в районе с. Нюхча.,с.,село
Возвышенность в районе г. Кемь,г.,город
Возвышенность в районе г. Кемь,г.,город
"Возвышенность в 600 м. к югу от дер. Щукнаволок. Место такое, что ei ni sinne, ei ni tänne, niin kuin ridah piäzet....",м.,метров
"Возвышенность в 1.5 км. от с. Нюхча. Сейчас там стоит крест, раньше стояла часовня в честь Св. Ильи. В Ильин и Духов день туда ходили крестным ходом, молились. Возвышенность достаточно высокая, её видно всегда и с суши и с моря. Она как ориентир, может быть поэтому и Святая (ПМЯ 1930). Рассказывали, что когда-то была война, монахи с кем-то воевали, убитых много было. Рядом есть Святое озерко и вода в нем была красная от крови (ДАК 1930)",с.,село
Возвышенность в 1 км. от с. Нюхча,с.,село
"Водяная мельница (бывш.) на р. Черная, между дер. Каршево и Нигижма, у моста.",р.,река
"Верхняя Половина, Нижняя Половина - две деревни (по 10 домов) на р. Водла, в 20 км от д. Водла, в 20 км от Водлозера, в 20 км от д. Заволочье (т. е. на полпути).",р.,река
"Вековечная поморская деревня на острове. Хутор (жил Андреев Кирилл), 1 дом. Фамилии Белые, Матросовы, Харитоновы, Червовы, Федотовы, Панкратьевы, Вороновы. Церковь. Иванов день - 7.07. Праздновали по домам. Канал начали строить в 1932 г. Келейка была (бабушка Харитонова, староверки). Часовня: Церквушка Варвара (на острове была, затоплена). Впоследствии до 200 домов. Был мост в Матьгору (хутор, 2 дома) через реку. Колхоз Выг рыболовецкий. Но и скотину держали. Рядом хутор Сосновец (2 дома), сеяли жито, ячмень. хозяйка - карелка. Была ригача. В Золотце рыбаки жили. Жили староверы. Была молельня, старушки собирались. Была и православная часовня. Первые жители Мыши, немножко зажиточные.",г.,год
Варака (возвышенность) в районе г. Кемь. Рядом с ней шел зимник.,г.,город
Варака (возвышенность) в районе г. Кемь. Рядом с ней шел зимник.,г.,город
в правобережье р. Тулемайоки,р.,река
в левобережье р. Шуя,р.,река
"В 500 м от деревни, на о. Леликов, на Онежском озере.",о.,остров
"В 2 км от деревни, на о. Колгов . на Онежском озере.",о.,остров
"В 0,5 км от деревни, на о. Леликов, на Онежском озере.",о.,остров
"Бывшее угодье. Место на берегу Лахновского озера между д. Коробейниково и д. Лахново, где берут глину.",д.,деревня
Бывшее болото у г. Кемь,г.,город
Бывшее болото под г. Горелиха.,г.,гора
Бывшая часть г. Кемь на острове Средний Пудас.,г.,город
Бывшая подсека жителей д. Кевятозеро.,д.,деревня
Бывшая деревня недалеко от п. Онежский.,п.,посёлок
бывшая деревня к югу от оз. Вачозеро у дороги в с. Важины,с.,село
бывшая деревня в устье р. Викши.,р.,река
Бывш. хутор на ю/в от с. Георгиевское.,с.,село
"Бывш. хутор в окрестностях с. Георгиевское, жил старик Давыд.",с.,село
"Бывш. деревня в 2 км на ю/в от д. Бол. Горы, на горе высоток 97 м.",м.,метров
Брод на р. Сустрежа.,р.,река
Бор на юг от д. Кулгала.,д.,деревня
Бор к северу от с. Нюхча по тракту у Каменного ручья. Здесь было место отдыха. Рядом был брод через ручей. Привязка к карте м.б. не совсем точной.,с.,село
"Бор в районе с. Нюхча. Привязка к карте не является точной, привязано к лесному участку у г. Игнашиха.",г.,гора
Бор в районе с. Нюхча.,с.,село
Бор в районе с. Нюхча.,с.,село
Бор в районе с. Нюхча.,с.,село
Бор в районе с. Нюхча,с.,село
Бор в районе с. Нюхча,с.,село
Бор в районе д. Новинки.,д.,деревня
Бор в районе г. Кемь,г.,город
Бор в 4 км. к югу от с. Нюхча.,с.,село
"Большой о. Кокков, вытянутый по форме",о.,остров
Большое болото между р. Колодой и р. Палангой.,р.,река
"Большое болото за д. Водла, на лев. берегу р. Водла, тянется до оз. Кумбасозеро.",р.,река
Большое болото Вирансуо между д. Ламбинаволок и р. Лумбас. По болоту протекает ручей Rihoja (на карте - Рыгоя). Очень много клюквы.,д.,деревня
Болотце у г. Игнашиха. Привязка к карте не является точной.,г.,гора
Болотце у г. Игнашиха. Привязка к карте не является точной.,г.,гора
"Болото, с которого брали мох на строительство, в окрестностях с. Георгиевское.",с.,село
"Болото, расположенное в 2 км к востоку от д. Красная Сельга к северу от о. Койбозеро.",о.,озеро
Болото у с. Шокша.,с.,село
Болото у с. Шелтозеро.,с.,село
Болото у д. Канабро.,д.,деревня
Болото п. Онежский.,п.,посёлок
Болото п. Онежский.,п.,посёлок
Болото п. Онежский.,п.,посёлок
Болото около д. Падмозеро.,д.,деревня
"Болото на правом берегу р. Колежма, в 3 км от села. Здесь Голубинский порог на реке.",р.,река
Болото на о. Сало (оз. Ведлозеро). Очень много клюквы. Болото тянется от одного берега до другого - с сев. и южн. сторон вода.,о.,остров
"Болото на западном берегу Космозера. Из болота вытекает на юг р. Судма, на север ручей Порожек в судочью Губу Космозера. Лейков мох [РГИА, ф.380, оп.17, № 533, планшет 35, 36, 1868]",р.,река
болото на берегу р. Videlend’ogi в 3-х км от деревни,р.,река
"Болото к югу от с. Нюхча, за Дедовой Горой.",с.,село
"Болото к югу от дер. Унежма, рядом с г. Смолениха. На Бабье болото, ближайшее к Унежме, бабы ходили за ягодами.",г.,гора
Болото к северу от с. Ивановское.,с.,село
Болото к северу от д. Юркостров.,д.,деревня
"Болото к западу от д. Саньки, в 300 м., на южном берегу Галайгубы.",м.,метров
"Болото и покосы в 7 км от д. Лонгасово, в лесу.",д.,деревня
Болото в сторону п. Онежский за д. Нигижма.,п.,посёлок
Болото в районе с. Нюхча.,с.,село
Болото в районе с. Нюхча.,с.,село
"Болото в районе с. Нюхча, между трактом и Белым морем",с.,село
Болото в районе с. Нюхча у Двинской губы.,с.,село
"Болото в районе д. Тавойгора, в 7 км от д. Кедрозеро и в 2 км на северо-восток от озера Среднее, длина 1,5 км, ширина до 800 м.",м.,метров
Болото в районе д. Пелдожа.,д.,деревня
Болото в районе д. Намоево.,д.,деревня
"Болото в окрестностях Кеми, за г. Горелиха.",г.,гора
Болото в окрестностях д. Яковлевская.,д.,деревня
Болото в окрестностях д. Ташкеницы.,д.,деревня
"Болото в окрестностях д. Мироново, рядом с г. Бундырь. Федор Михайлович жил ягоды собирал.",г.,гора
Болото в окрестностях д. Гижино.,д.,деревня
Болото в окрестностях д. Верхняя Ламба.,д.,деревня
Болото в окрестностях г. Кондопога.,г.,город
"Болото в 4500 м. к востоку от деревни, справа от северной дороги в Läpäkkö.",м.,метров
"Берег Белого моря напротив Лисьего острова. Возможно, что здесь могла находиться тоня Лисий, упомянутая в 1876 г. (ГААО, 1876, 6/15/37, с. 191).",г.,год
"Акватория в заливе Святуха, в 800 м. к северу от деревни Микково между островами бабкинский, Вороний и Острадний.",м.,метров
"600 м. к юго -востоку от дер., южнее поля timoihiine, слева от южной дороги в Läpäkkö.",м.,метров
"550 м. к востоку от деревни, справа от северной дороги в Läpäkkö.",м.,метров
400 м. К юго- западу от дер.,м.,метров
400 м. к юго- востоку от дер.,м.,метров
400 м. к северу от деревни.,м.,метров
"400 м. к северу от деревни, вдоль дороги в Куйтежу, за полем riigoin tagaverii.",м.,метров
400 м. к северо- западу от дер.,м.,метров
"400 м. к северо- востоку от дер., рядом с полем prošken tagaverii.",м.,метров
"3,5 м. к северу от деревни.",м.,метров
2500 м. от дер. к северу.,м.,метров
200 м. к югу от дер.,м.,метров
200 м. к северу от деревни.,м.,метров
1000 м. от дер. к юго- западу.,м.,метров
100 м. к северо- западу от дер.,м.,метров
? Возможно узкий вытянутый мысок о. Калиниха с юго-восточной стороны.,о.,остров